#time, x0,...,x_Nx-1
0, 0, 0, 0, 0, 0, 0, 0, 0, 0, 0, 0, 0, 0, 0, 0, 0, 0, 0, 0, 0, 0, 0, 0, 0, 0, 0, 0, 0, 0, 0, 0, 0, 0, 0, 0, 0, 0, 0, 0, 0, 0, 0, 0, 0, 0, 0, 0, 0, 0, 0, 0, 0, 0, 0, 0, 0, 0, 0, 0, 0, 0, 0, 0, 0, 0, 0, 0, 0, 0, 0, 0, 0, 0, 0, 0, 0, 0, 0, 0, 0, 0, 0, 0, 0, 0, 0, 0, 0, 0, 0, 0, 0, 0, 0, 0, 0, 0, 0, 0, 0, 
0.01, 1e-05, 1e-05, 1e-05, 1e-05, 1e-05, 1e-05, 1e-05, 1e-05, 1e-05, 1e-05, 1e-05, 1e-05, 1e-05, 1e-05, 1e-05, 1e-05, 1e-05, 1e-05, 1e-05, 1e-05, 1e-05, 1e-05, 1e-05, 1e-05, 1e-05, 1e-05, 1e-05, 1e-05, 1e-05, 1e-05, 1e-05, 1e-05, 1e-05, 1e-05, 1e-05, 1e-05, 1e-05, 1e-05, 1e-05, 1e-05, 1e-05, 1e-05, 1e-05, 1e-05, 1e-05, 1e-05, 1e-05, 1e-05, 1e-05, 1e-05, 1e-05, 1e-05, 1e-05, 1e-05, 1e-05, 1e-05, 1e-05, 1e-05, 1e-05, 1e-05, 1e-05, 1e-05, 1e-05, 1e-05, 1e-05, 1e-05, 1e-05, 1e-05, 1e-05, 1e-05, 1e-05, 1e-05, 1e-05, 1e-05, 1e-05, 1e-05, 1e-05, 1e-05, 1e-05, 1e-05, 1e-05, 1e-05, 1e-05, 1e-05, 1e-05, 1e-05, 1e-05, 1e-05, 1e-05, 1e-05, 1e-05, 1e-05, 1e-05, 1e-05, 1e-05, 1e-05, 1e-05, 1e-05, 1e-05, 1e-05, 
0.02, 2e-05, 2e-05, 2e-05, 2e-05, 2e-05, 2e-05, 2e-05, 2e-05, 2e-05, 2e-05, 2e-05, 2e-05, 2e-05, 2e-05, 2e-05, 2e-05, 2e-05, 2e-05, 2e-05, 2e-05, 2e-05, 2e-05, 2e-05, 2e-05, 2e-05, 2e-05, 2e-05, 2e-05, 2e-05, 2e-05, 2e-05, 2e-05, 2e-05, 2e-05, 2e-05, 2e-05, 2e-05, 2e-05, 2e-05, 2e-05, 2e-05, 2e-05, 2e-05, 2e-05, 2e-05, 2e-05, 2e-05, 2e-05, 2e-05, 2e-05, 2e-05, 2e-05, 2e-05, 2e-05, 2e-05, 2e-05, 2e-05, 2e-05, 2e-05, 2e-05, 2e-05, 2e-05, 2e-05, 2e-05, 2e-05, 2e-05, 2e-05, 2e-05, 2e-05, 2e-05, 2e-05, 2e-05, 2e-05, 2e-05, 2e-05, 2e-05, 2e-05, 2e-05, 2e-05, 2e-05, 2e-05, 2e-05, 2e-05, 2e-05, 2e-05, 2e-05, 2e-05, 2e-05, 2e-05, 2e-05, 2e-05, 2e-05, 2e-05, 2e-05, 2e-05, 2e-05, 2e-05, 2e-05, 2e-05, 2e-05, 
0.03, 3e-05, 3e-05, 3e-05, 3e-05, 3e-05, 3e-05, 3e-05, 3e-05, 3e-05, 3e-05, 3e-05, 3e-05, 3e-05, 3e-05, 3e-05, 3e-05, 3e-05, 3e-05, 3e-05, 3e-05, 3e-05, 3e-05, 3e-05, 3e-05, 3e-05, 3e-05, 3e-05, 3e-05, 3e-05, 3e-05, 3e-05, 3e-05, 3e-05, 3e-05, 3e-05, 3e-05, 3e-05, 3e-05, 3e-05, 3e-05, 3e-05, 3e-05, 3e-05, 3e-05, 3e-05, 3e-05, 3e-05, 3e-05, 3e-05, 3e-05, 3e-05, 3e-05, 3e-05, 3e-05, 3e-05, 3e-05, 3e-05, 3e-05, 3e-05, 3e-05, 3e-05, 3e-05, 3e-05, 3e-05, 3e-05, 3e-05, 3e-05, 3e-05, 3e-05, 3e-05, 3e-05, 3e-05, 3e-05, 3e-05, 3e-05, 3e-05, 3e-05, 3e-05, 3e-05, 3e-05, 3e-05, 3e-05, 3e-05, 3e-05, 3e-05, 3e-05, 3e-05, 3e-05, 3e-05, 3e-05, 3e-05, 3e-05, 3e-05, 3e-05, 3e-05, 3e-05, 3e-05, 3e-05, 3e-05, 3e-05, 
0.04, 4e-05, 4e-05, 4e-05, 4e-05, 4e-05, 4e-05, 4e-05, 4e-05, 4e-05, 4e-05, 4e-05, 4e-05, 4e-05, 4e-05, 4e-05, 4e-05, 4e-05, 4e-05, 4e-05, 4e-05, 4e-05, 4e-05, 4e-05, 4e-05, 4e-05, 4e-05, 4e-05, 4e-05, 4e-05, 4e-05, 4e-05, 4e-05, 4e-05, 4e-05, 4e-05, 4e-05, 4e-05, 4e-05, 4e-05, 4e-05, 4e-05, 4e-05, 4e-05, 4e-05, 4e-05, 4e-05, 4e-05, 4e-05, 4e-05, 4e-05, 4e-05, 4e-05, 4e-05, 4e-05, 4e-05, 4e-05, 4e-05, 4e-05, 4e-05, 4e-05, 4e-05, 4e-05, 4e-05, 4e-05, 4e-05, 4e-05, 4e-05, 4e-05, 4e-05, 4e-05, 4e-05, 4e-05, 4e-05, 4e-05, 4e-05, 4e-05, 4e-05, 4e-05, 4e-05, 4e-05, 4e-05, 4e-05, 4e-05, 4e-05, 4e-05, 4e-05, 4e-05, 4e-05, 4e-05, 4e-05, 4e-05, 4e-05, 4e-05, 4e-05, 4e-05, 4e-05, 4e-05, 4e-05, 4e-05, 4e-05, 
0.05, 5e-05, 5e-05, 5e-05, 5e-05, 5e-05, 5e-05, 5e-05, 5e-05, 5e-05, 5e-05, 5e-05, 5e-05, 5e-05, 5e-05, 5e-05, 5e-05, 5e-05, 5e-05, 5e-05, 5e-05, 5e-05, 5e-05, 5e-05, 5e-05, 5e-05, 5e-05, 5e-05, 5e-05, 5e-05, 5e-05, 5e-05, 5e-05, 5e-05, 5e-05, 5e-05, 5e-05, 5e-05, 5e-05, 5e-05, 5e-05, 5e-05, 5e-05, 5e-05, 5e-05, 5e-05, 5e-05, 5e-05, 5e-05, 5e-05, 5e-05, 5e-05, 5e-05, 5e-05, 5e-05, 5e-05, 5e-05, 5e-05, 5e-05, 5e-05, 5e-05, 5e-05, 5e-05, 5e-05, 5e-05, 5e-05, 5e-05, 5e-05, 5e-05, 5e-05, 5e-05, 5e-05, 5e-05, 5e-05, 5e-05, 5e-05, 5e-05, 5e-05, 5e-05, 5e-05, 5e-05, 5e-05, 5e-05, 5e-05, 5e-05, 5e-05, 5e-05, 5e-05, 5e-05, 5e-05, 5e-05, 5e-05, 5e-05, 5e-05, 5e-05, 5e-05, 5e-05, 5e-05, 5e-05, 5e-05, 5e-05, 
0.06, 6e-05, 6e-05, 6e-05, 6e-05, 6e-05, 6e-05, 6e-05, 6e-05, 6e-05, 6e-05, 6e-05, 6e-05, 6e-05, 6e-05, 6e-05, 6e-05, 6e-05, 6e-05, 6e-05, 6e-05, 6e-05, 6e-05, 6e-05, 6e-05, 6e-05, 6e-05, 6e-05, 6e-05, 6e-05, 6e-05, 6e-05, 6e-05, 6e-05, 6e-05, 6e-05, 6e-05, 6e-05, 6e-05, 6e-05, 6e-05, 6e-05, 6e-05, 6e-05, 6e-05, 6e-05, 6e-05, 6e-05, 6e-05, 6e-05, 6e-05, 6e-05, 6e-05, 6e-05, 6e-05, 6e-05, 6e-05, 6e-05, 6e-05, 6e-05, 6e-05, 6e-05, 6e-05, 6e-05, 6e-05, 6e-05, 6e-05, 6e-05, 6e-05, 6e-05, 6e-05, 6e-05, 6e-05, 6e-05, 6e-05, 6e-05, 6e-05, 6e-05, 6e-05, 6e-05, 6e-05, 6e-05, 6e-05, 6e-05, 6e-05, 6e-05, 6e-05, 6e-05, 6e-05, 6e-05, 6e-05, 6e-05, 6e-05, 6e-05, 6e-05, 6e-05, 6e-05, 6e-05, 6e-05, 6e-05, 6e-05, 
0.07, 7e-05, 7e-05, 7e-05, 7e-05, 7e-05, 7e-05, 7e-05, 7e-05, 7e-05, 7e-05, 7e-05, 7e-05, 7e-05, 7e-05, 7e-05, 7e-05, 7e-05, 7e-05, 7e-05, 7e-05, 7e-05, 7e-05, 7e-05, 7e-05, 7e-05, 7e-05, 7e-05, 7e-05, 7e-05, 7e-05, 7e-05, 7e-05, 7e-05, 7e-05, 7e-05, 7e-05, 7e-05, 7e-05, 7e-05, 7e-05, 7e-05, 7e-05, 7e-05, 7e-05, 7e-05, 7e-05, 7e-05, 7e-05, 7e-05, 7e-05, 7e-05, 7e-05, 7e-05, 7e-05, 7e-05, 7e-05, 7e-05, 7e-05, 7e-05, 7e-05, 7e-05, 7e-05, 7e-05, 7e-05, 7e-05, 7e-05, 7e-05, 7e-05, 7e-05, 7e-05, 7e-05, 7e-05, 7e-05, 7e-05, 7e-05, 7e-05, 7e-05, 7e-05, 7e-05, 7e-05, 7e-05, 7e-05, 7e-05, 7e-05, 7e-05, 7e-05, 7e-05, 7e-05, 7e-05, 7e-05, 7e-05, 7e-05, 7e-05, 7e-05, 7e-05, 7e-05, 7e-05, 7e-05, 7e-05, 7e-05, 
0.08, 8e-05, 8e-05, 8e-05, 8e-05, 8e-05, 8e-05, 8e-05, 8e-05, 8e-05, 8e-05, 8e-05, 8e-05, 8e-05, 8e-05, 8e-05, 8e-05, 8e-05, 8e-05, 8e-05, 8e-05, 8e-05, 8e-05, 8e-05, 8e-05, 8e-05, 8e-05, 8e-05, 8e-05, 8e-05, 8e-05, 8e-05, 8e-05, 8e-05, 8e-05, 8e-05, 8e-05, 8e-05, 8e-05, 8e-05, 8e-05, 8e-05, 8e-05, 8e-05, 8e-05, 8e-05, 8e-05, 8e-05, 8e-05, 8e-05, 8e-05, 8e-05, 8e-05, 8e-05, 8e-05, 8e-05, 8e-05, 8e-05, 8e-05, 8e-05, 8e-05, 8e-05, 8e-05, 8e-05, 8e-05, 8e-05, 8e-05, 8e-05, 8e-05, 8e-05, 8e-05, 8e-05, 8e-05, 8e-05, 8e-05, 8e-05, 8e-05, 8e-05, 8e-05, 8e-05, 8e-05, 8e-05, 8e-05, 8e-05, 8e-05, 8e-05, 8e-05, 8e-05, 8e-05, 8e-05, 8e-05, 8e-05, 8e-05, 8e-05, 8e-05, 8e-05, 8e-05, 8e-05, 8e-05, 8e-05, 8e-05, 
0.09, 9e-05, 9e-05, 9e-05, 9e-05, 9e-05, 9e-05, 9e-05, 9e-05, 9e-05, 9e-05, 9e-05, 9e-05, 9e-05, 9e-05, 9e-05, 9e-05, 9e-05, 9e-05, 9e-05, 9e-05, 9e-05, 9e-05, 9e-05, 9e-05, 9e-05, 9e-05, 9e-05, 9e-05, 9e-05, 9e-05, 9e-05, 9e-05, 9e-05, 9e-05, 9e-05, 9e-05, 9e-05, 9e-05, 9e-05, 9e-05, 9e-05, 9e-05, 9e-05, 9e-05, 9e-05, 9e-05, 9e-05, 9e-05, 9e-05, 9e-05, 9e-05, 9e-05, 9e-05, 9e-05, 9e-05, 9e-05, 9e-05, 9e-05, 9e-05, 9e-05, 9e-05, 9e-05, 9e-05, 9e-05, 9e-05, 9e-05, 9e-05, 9e-05, 9e-05, 9e-05, 9e-05, 9e-05, 9e-05, 9e-05, 9e-05, 9e-05, 9e-05, 9e-05, 9e-05, 9e-05, 9e-05, 9e-05, 9e-05, 9e-05, 9e-05, 9e-05, 9e-05, 9e-05, 9e-05, 9e-05, 9e-05, 9e-05, 9e-05, 9e-05, 9e-05, 9e-05, 9e-05, 9e-05, 9e-05, 9e-05, 
0.1, 0.0001, 0.0001, 0.0001, 0.0001, 0.0001, 0.0001, 0.0001, 0.0001, 0.0001, 0.0001, 0.0001, 0.0001, 0.0001, 0.0001, 0.0001, 0.0001, 0.0001, 0.0001, 0.0001, 0.0001, 0.0001, 0.0001, 0.0001, 0.0001, 0.0001, 0.0001, 0.0001, 0.0001, 0.0001, 0.0001, 0.0001, 0.0001, 0.0001, 0.0001, 0.0001, 0.0001, 0.0001, 0.0001, 0.0001, 0.0001, 0.0001, 0.0001, 0.0001, 0.0001, 0.0001, 0.0001, 0.0001, 0.0001, 0.0001, 0.0001, 0.0001, 0.0001, 0.0001, 0.0001, 0.0001, 0.0001, 0.0001, 0.0001, 0.0001, 0.0001, 0.0001, 0.0001, 0.0001, 0.0001, 0.0001, 0.0001, 0.0001, 0.0001, 0.0001, 0.0001, 0.0001, 0.0001, 0.0001, 0.0001, 0.0001, 0.0001, 0.0001, 0.0001, 0.0001, 0.0001, 0.0001, 0.0001, 0.0001, 0.0001, 0.0001, 0.0001, 0.0001, 0.0001, 0.0001, 0.0001, 0.0001, 0.0001, 0.0001, 0.0001, 0.0001, 0.0001, 0.0001, 0.0001, 0.0001, 0.0001, 
0.11, 0.00011, 0.00011, 0.00011, 0.00011, 0.00011, 0.00011, 0.00011, 0.00011, 0.00011, 0.00011, 0.00011, 0.00011, 0.00011, 0.00011, 0.00011, 0.00011, 0.00011, 0.00011, 0.00011, 0.00011, 0.00011, 0.00011, 0.00011, 0.00011, 0.00011, 0.00011, 0.00011, 0.00011, 0.00011, 0.00011, 0.00011, 0.00011, 0.00011, 0.00011, 0.00011, 0.00011, 0.00011, 0.00011, 0.00011, 0.00011, 0.00011, 0.00011, 0.00011, 0.00011, 0.00011, 0.00011, 0.00011, 0.00011, 0.00011, 0.00011, 0.00011, 0.00011, 0.00011, 0.00011, 0.00011, 0.00011, 0.00011, 0.00011, 0.00011, 0.00011, 0.00011, 0.00011, 0.00011, 0.00011, 0.00011, 0.00011, 0.00011, 0.00011, 0.00011, 0.00011, 0.00011, 0.00011, 0.00011, 0.00011, 0.00011, 0.00011, 0.00011, 0.00011, 0.00011, 0.00011, 0.00011, 0.00011, 0.00011, 0.00011, 0.00011, 0.00011, 0.00011, 0.00011, 0.00011, 0.00011, 0.00011, 0.00011, 0.00011, 0.00011, 0.00011, 0.00011, 0.00011, 0.00011, 0.00011, 0.00011, 
0.12, 0.00012, 0.00012, 0.00012, 0.00012, 0.00012, 0.00012, 0.00012, 0.00012, 0.00012, 0.00012, 0.00012, 0.00012, 0.00012, 0.00012, 0.00012, 0.00012, 0.00012, 0.00012, 0.00012, 0.00012, 0.00012, 0.00012, 0.00012, 0.00012, 0.00012, 0.00012, 0.00012, 0.00012, 0.00012, 0.00012, 0.00012, 0.00012, 0.00012, 0.00012, 0.00012, 0.00012, 0.00012, 0.00012, 0.00012, 0.00012, 0.00012, 0.00012, 0.00012, 0.00012, 0.00012, 0.00012, 0.00012, 0.00012, 0.00012, 0.00012, 0.00012, 0.00012, 0.00012, 0.00012, 0.00012, 0.00012, 0.00012, 0.00012, 0.00012, 0.00012, 0.00012, 0.00012, 0.00012, 0.00012, 0.00012, 0.00012, 0.00012, 0.00012, 0.00012, 0.00012, 0.00012, 0.00012, 0.00012, 0.00012, 0.00012, 0.00012, 0.00012, 0.00012, 0.00012, 0.00012, 0.00012, 0.00012, 0.00012, 0.00012, 0.00012, 0.00012, 0.00012, 0.00012, 0.00012, 0.00012, 0.00012, 0.00012, 0.00012, 0.00012, 0.00012, 0.00012, 0.00012, 0.00012, 0.00012, 0.00012, 
0.13, 0.00013, 0.00013, 0.00013, 0.00013, 0.00013, 0.00013, 0.00013, 0.00013, 0.00013, 0.00013, 0.00013, 0.00013, 0.00013, 0.00013, 0.00013, 0.00013, 0.00013, 0.00013, 0.00013, 0.00013, 0.00013, 0.00013, 0.00013, 0.00013, 0.00013, 0.00013, 0.00013, 0.00013, 0.00013, 0.00013, 0.00013, 0.00013, 0.00013, 0.00013, 0.00013, 0.00013, 0.00013, 0.00013, 0.00013, 0.00013, 0.00013, 0.00013, 0.00013, 0.00013, 0.00013, 0.00013, 0.00013, 0.00013, 0.00013, 0.00013, 0.00013, 0.00013, 0.00013, 0.00013, 0.00013, 0.00013, 0.00013, 0.00013, 0.00013, 0.00013, 0.00013, 0.00013, 0.00013, 0.00013, 0.00013, 0.00013, 0.00013, 0.00013, 0.00013, 0.00013, 0.00013, 0.00013, 0.00013, 0.00013, 0.00013, 0.00013, 0.00013, 0.00013, 0.00013, 0.00013, 0.00013, 0.00013, 0.00013, 0.00013, 0.00013, 0.00013, 0.00013, 0.00013, 0.00013, 0.00013, 0.00013, 0.00013, 0.00013, 0.00013, 0.00013, 0.00013, 0.00013, 0.00013, 0.00013, 0.00013, 
0.14, 0.00014, 0.00014, 0.00014, 0.00014, 0.00014, 0.00014, 0.00014, 0.00014, 0.00014, 0.00014, 0.00014, 0.00014, 0.00014, 0.00014, 0.00014, 0.00014, 0.00014, 0.00014, 0.00014, 0.00014, 0.00014, 0.00014, 0.00014, 0.00014, 0.00014, 0.00014, 0.00014, 0.00014, 0.00014, 0.00014, 0.00014, 0.00014, 0.00014, 0.00014, 0.00014, 0.00014, 0.00014, 0.00014, 0.00014, 0.00014, 0.00014, 0.00014, 0.00014, 0.00014, 0.00014, 0.00014, 0.00014, 0.00014, 0.00014, 0.00014, 0.00014, 0.00014, 0.00014, 0.00014, 0.00014, 0.00014, 0.00014, 0.00014, 0.00014, 0.00014, 0.00014, 0.00014, 0.00014, 0.00014, 0.00014, 0.00014, 0.00014, 0.00014, 0.00014, 0.00014, 0.00014, 0.00014, 0.00014, 0.00014, 0.00014, 0.00014, 0.00014, 0.00014, 0.00014, 0.00014, 0.00014, 0.00014, 0.00014, 0.00014, 0.00014, 0.00014, 0.00014, 0.00014, 0.00014, 0.00014, 0.00014, 0.00014, 0.00014, 0.00014, 0.00014, 0.00014, 0.00014, 0.00014, 0.00014, 0.00014, 
0.15, 0.00015, 0.00015, 0.00015, 0.00015, 0.00015, 0.00015, 0.00015, 0.00015, 0.00015, 0.00015, 0.00015, 0.00015, 0.00015, 0.00015, 0.00015, 0.00015, 0.00015, 0.00015, 0.00015, 0.00015, 0.00015, 0.00015, 0.00015, 0.00015, 0.00015, 0.00015, 0.00015, 0.00015, 0.00015, 0.00015, 0.00015, 0.00015, 0.00015, 0.00015, 0.00015, 0.00015, 0.00015, 0.00015, 0.00015, 0.00015, 0.00015, 0.00015, 0.00015, 0.00015, 0.00015, 0.00015, 0.00015, 0.00015, 0.00015, 0.00015, 0.00015, 0.00015, 0.00015, 0.00015, 0.00015, 0.00015, 0.00015, 0.00015, 0.00015, 0.00015, 0.00015, 0.00015, 0.00015, 0.00015, 0.00015, 0.00015, 0.00015, 0.00015, 0.00015, 0.00015, 0.00015, 0.00015, 0.00015, 0.00015, 0.00015, 0.00015, 0.00015, 0.00015, 0.00015, 0.00015, 0.00015, 0.00015, 0.00015, 0.00015, 0.00015, 0.00015, 0.00015, 0.00015, 0.00015, 0.00015, 0.00015, 0.00015, 0.00015, 0.00015, 0.00015, 0.00015, 0.00015, 0.00015, 0.00015, 0.00015, 
0.16, 0.00016, 0.00016, 0.00016, 0.00016, 0.00016, 0.00016, 0.00016, 0.00016, 0.00016, 0.00016, 0.00016, 0.00016, 0.00016, 0.00016, 0.00016, 0.00016, 0.00016, 0.00016, 0.00016, 0.00016, 0.00016, 0.00016, 0.00016, 0.00016, 0.00016, 0.00016, 0.00016, 0.00016, 0.00016, 0.00016, 0.00016, 0.00016, 0.00016, 0.00016, 0.00016, 0.00016, 0.00016, 0.00016, 0.00016, 0.00016, 0.00016, 0.00016, 0.00016, 0.00016, 0.00016, 0.00016, 0.00016, 0.00016, 0.00016, 0.00016, 0.00016, 0.00016, 0.00016, 0.00016, 0.00016, 0.00016, 0.00016, 0.00016, 0.00016, 0.00016, 0.00016, 0.00016, 0.00016, 0.00016, 0.00016, 0.00016, 0.00016, 0.00016, 0.00016, 0.00016, 0.00016, 0.00016, 0.00016, 0.00016, 0.00016, 0.00016, 0.00016, 0.00016, 0.00016, 0.00016, 0.00016, 0.00016, 0.00016, 0.00016, 0.00016, 0.00016, 0.00016, 0.00016, 0.00016, 0.00016, 0.00016, 0.00016, 0.00016, 0.00016, 0.00016, 0.00016, 0.00016, 0.00016, 0.00016, 0.00016, 
0.17, 0.00017, 0.00017, 0.00017, 0.00017, 0.00017, 0.00017, 0.00017, 0.00017, 0.00017, 0.00017, 0.00017, 0.00017, 0.00017, 0.00017, 0.00017, 0.00017, 0.00017, 0.00017, 0.00017, 0.00017, 0.00017, 0.00017, 0.00017, 0.00017, 0.00017, 0.00017, 0.00017, 0.00017, 0.00017, 0.00017, 0.00017, 0.00017, 0.00017, 0.00017, 0.00017, 0.00017, 0.00017, 0.00017, 0.00017, 0.00017, 0.00017, 0.00017, 0.00017, 0.00017, 0.00017, 0.00017, 0.00017, 0.00017, 0.00017, 0.00017, 0.00017, 0.00017, 0.00017, 0.00017, 0.00017, 0.00017, 0.00017, 0.00017, 0.00017, 0.00017, 0.00017, 0.00017, 0.00017, 0.00017, 0.00017, 0.00017, 0.00017, 0.00017, 0.00017, 0.00017, 0.00017, 0.00017, 0.00017, 0.00017, 0.00017, 0.00017, 0.00017, 0.00017, 0.00017, 0.00017, 0.00017, 0.00017, 0.00017, 0.00017, 0.00017, 0.00017, 0.00017, 0.00017, 0.00017, 0.00017, 0.00017, 0.00017, 0.00017, 0.00017, 0.00017, 0.00017, 0.00017, 0.00017, 0.00017, 0.00017, 
0.18, 0.00018, 0.00018, 0.00018, 0.00018, 0.00018, 0.00018, 0.00018, 0.00018, 0.00018, 0.00018, 0.00018, 0.00018, 0.00018, 0.00018, 0.00018, 0.00018, 0.00018, 0.00018, 0.00018, 0.00018, 0.00018, 0.00018, 0.00018, 0.00018, 0.00018, 0.00018, 0.00018, 0.00018, 0.00018, 0.00018, 0.00018, 0.00018, 0.00018, 0.00018, 0.00018, 0.00018, 0.00018, 0.00018, 0.00018, 0.00018, 0.00018, 0.00018, 0.00018, 0.00018, 0.00018, 0.00018, 0.00018, 0.00018, 0.00018, 0.00018, 0.00018, 0.00018, 0.00018, 0.00018, 0.00018, 0.00018, 0.00018, 0.00018, 0.00018, 0.00018, 0.00018, 0.00018, 0.00018, 0.00018, 0.00018, 0.00018, 0.00018, 0.00018, 0.00018, 0.00018, 0.00018, 0.00018, 0.00018, 0.00018, 0.00018, 0.00018, 0.00018, 0.00018, 0.00018, 0.00018, 0.00018, 0.00018, 0.00018, 0.00018, 0.00018, 0.00018, 0.00018, 0.00018, 0.00018, 0.00018, 0.00018, 0.00018, 0.00018, 0.00018, 0.00018, 0.00018, 0.00018, 0.00018, 0.00018, 0.00018, 
0.19, 0.00019, 0.00019, 0.00019, 0.00019, 0.00019, 0.00019, 0.00019, 0.00019, 0.00019, 0.00019, 0.00019, 0.00019, 0.00019, 0.00019, 0.00019, 0.00019, 0.00019, 0.00019, 0.00019, 0.00019, 0.00019, 0.00019, 0.00019, 0.00019, 0.00019, 0.00019, 0.00019, 0.00019, 0.00019, 0.00019, 0.00019, 0.00019, 0.00019, 0.00019, 0.00019, 0.00019, 0.00019, 0.00019, 0.00019, 0.00019, 0.00019, 0.00019, 0.00019, 0.00019, 0.00019, 0.00019, 0.00019, 0.00019, 0.00019, 0.00019, 0.00019, 0.00019, 0.00019, 0.00019, 0.00019, 0.00019, 0.00019, 0.00019, 0.00019, 0.00019, 0.00019, 0.00019, 0.00019, 0.00019, 0.00019, 0.00019, 0.00019, 0.00019, 0.00019, 0.00019, 0.00019, 0.00019, 0.00019, 0.00019, 0.00019, 0.00019, 0.00019, 0.00019, 0.00019, 0.00019, 0.00019, 0.00019, 0.00019, 0.00019, 0.00019, 0.00019, 0.00019, 0.00019, 0.00019, 0.00019, 0.00019, 0.00019, 0.00019, 0.00019, 0.00019, 0.00019, 0.00019, 0.00019, 0.00019, 0.00019, 
0.2, 0.0002, 0.0002, 0.0002, 0.0002, 0.0002, 0.0002, 0.0002, 0.0002, 0.0002, 0.0002, 0.0002, 0.0002, 0.0002, 0.0002, 0.0002, 0.0002, 0.0002, 0.0002, 0.0002, 0.0002, 0.0002, 0.0002, 0.0002, 0.0002, 0.0002, 0.0002, 0.0002, 0.0002, 0.0002, 0.0002, 0.0002, 0.0002, 0.0002, 0.0002, 0.0002, 0.0002, 0.0002, 0.0002, 0.0002, 0.0002, 0.0002, 0.0002, 0.0002, 0.0002, 0.0002, 0.0002, 0.0002, 0.0002, 0.0002, 0.0002, 0.0002, 0.0002, 0.0002, 0.0002, 0.0002, 0.0002, 0.0002, 0.0002, 0.0002, 0.0002, 0.0002, 0.0002, 0.0002, 0.0002, 0.0002, 0.0002, 0.0002, 0.0002, 0.0002, 0.0002, 0.0002, 0.0002, 0.0002, 0.0002, 0.0002, 0.0002, 0.0002, 0.0002, 0.0002, 0.0002, 0.0002, 0.0002, 0.0002, 0.0002, 0.0002, 0.0002, 0.0002, 0.0002, 0.0002, 0.0002, 0.0002, 0.0002, 0.0002, 0.0002, 0.0002, 0.0002, 0.0002, 0.0002, 0.0002, 0.0002, 
0.21, 0.00021, 0.00021, 0.00021, 0.00021, 0.00021, 0.00021, 0.00021, 0.00021, 0.00021, 0.00021, 0.00021, 0.00021, 0.00021, 0.00021, 0.00021, 0.00021, 0.00021, 0.00021, 0.00021, 0.00021, 0.00021, 0.00021, 0.00021, 0.00021, 0.00021, 0.00021, 0.00021, 0.00021, 0.00021, 0.00021, 0.00021, 0.00021, 0.00021, 0.00021, 0.00021, 0.00021, 0.00021, 0.00021, 0.00021, 0.00021, 0.00021, 0.00021, 0.00021, 0.00021, 0.00021, 0.00021, 0.00021, 0.00021, 0.00021, 0.00021, 0.00021, 0.00021, 0.00021, 0.00021, 0.00021, 0.00021, 0.00021, 0.00021, 0.00021, 0.00021, 0.00021, 0.00021, 0.00021, 0.00021, 0.00021, 0.00021, 0.00021, 0.00021, 0.00021, 0.00021, 0.00021, 0.00021, 0.00021, 0.00021, 0.00021, 0.00021, 0.00021, 0.00021, 0.00021, 0.00021, 0.00021, 0.00021, 0.00021, 0.00021, 0.00021, 0.00021, 0.00021, 0.00021, 0.00021, 0.00021, 0.00021, 0.00021, 0.00021, 0.00021, 0.00021, 0.00021, 0.00021, 0.00021, 0.00021, 0.00021, 
0.22, 0.00022, 0.00022, 0.00022, 0.00022, 0.00022, 0.00022, 0.00022, 0.00022, 0.00022, 0.00022, 0.00022, 0.00022, 0.00022, 0.00022, 0.00022, 0.00022, 0.00022, 0.00022, 0.00022, 0.00022, 0.00022, 0.00022, 0.00022, 0.00022, 0.00022, 0.00022, 0.00022, 0.00022, 0.00022, 0.00022, 0.00022, 0.00022, 0.00022, 0.00022, 0.00022, 0.00022, 0.00022, 0.00022, 0.00022, 0.00022, 0.00022, 0.00022, 0.00022, 0.00022, 0.00022, 0.00022, 0.00022, 0.00022, 0.00022, 0.00022, 0.00022, 0.00022, 0.00022, 0.00022, 0.00022, 0.00022, 0.00022, 0.00022, 0.00022, 0.00022, 0.00022, 0.00022, 0.00022, 0.00022, 0.00022, 0.00022, 0.00022, 0.00022, 0.00022, 0.00022, 0.00022, 0.00022, 0.00022, 0.00022, 0.00022, 0.00022, 0.00022, 0.00022, 0.00022, 0.00022, 0.00022, 0.00022, 0.00022, 0.00022, 0.00022, 0.00022, 0.00022, 0.00022, 0.00022, 0.00022, 0.00022, 0.00022, 0.00022, 0.00022, 0.00022, 0.00022, 0.00022, 0.00022, 0.00022, 0.00022, 
0.23, 0.00023, 0.00023, 0.00023, 0.00023, 0.00023, 0.00023, 0.00023, 0.00023, 0.00023, 0.00023, 0.00023, 0.00023, 0.00023, 0.00023, 0.00023, 0.00023, 0.00023, 0.00023, 0.00023, 0.00023, 0.00023, 0.00023, 0.00023, 0.00023, 0.00023, 0.00023, 0.00023, 0.00023, 0.00023, 0.00023, 0.00023, 0.00023, 0.00023, 0.00023, 0.00023, 0.00023, 0.00023, 0.00023, 0.00023, 0.00023, 0.00023, 0.00023, 0.00023, 0.00023, 0.00023, 0.00023, 0.00023, 0.00023, 0.00023, 0.00023, 0.00023, 0.00023, 0.00023, 0.00023, 0.00023, 0.00023, 0.00023, 0.00023, 0.00023, 0.00023, 0.00023, 0.00023, 0.00023, 0.00023, 0.00023, 0.00023, 0.00023, 0.00023, 0.00023, 0.00023, 0.00023, 0.00023, 0.00023, 0.00023, 0.00023, 0.00023, 0.00023, 0.00023, 0.00023, 0.00023, 0.00023, 0.00023, 0.00023, 0.00023, 0.00023, 0.00023, 0.00023, 0.00023, 0.00023, 0.00023, 0.00023, 0.00023, 0.00023, 0.00023, 0.00023, 0.00023, 0.00023, 0.00023, 0.00023, 0.00023, 
0.24, 0.00024, 0.00024, 0.00024, 0.00024, 0.00024, 0.00024, 0.00024, 0.00024, 0.00024, 0.00024, 0.00024, 0.00024, 0.00024, 0.00024, 0.00024, 0.00024, 0.00024, 0.00024, 0.00024, 0.00024, 0.00024, 0.00024, 0.00024, 0.00024, 0.00024, 0.00024, 0.00024, 0.00024, 0.00024, 0.00024, 0.00024, 0.00024, 0.00024, 0.00024, 0.00024, 0.00024, 0.00024, 0.00024, 0.00024, 0.00024, 0.00024, 0.00024, 0.00024, 0.00024, 0.00024, 0.00024, 0.00024, 0.00024, 0.00024, 0.00024, 0.00024, 0.00024, 0.00024, 0.00024, 0.00024, 0.00024, 0.00024, 0.00024, 0.00024, 0.00024, 0.00024, 0.00024, 0.00024, 0.00024, 0.00024, 0.00024, 0.00024, 0.00024, 0.00024, 0.00024, 0.00024, 0.00024, 0.00024, 0.00024, 0.00024, 0.00024, 0.00024, 0.00024, 0.00024, 0.00024, 0.00024, 0.00024, 0.00024, 0.00024, 0.00024, 0.00024, 0.00024, 0.00024, 0.00024, 0.00024, 0.00024, 0.00024, 0.00024, 0.00024, 0.00024, 0.00024, 0.00024, 0.00024, 0.00024, 0.00024, 
0.25, 0.00025, 0.00025, 0.00025, 0.00025, 0.00025, 0.00025, 0.00025, 0.00025, 0.00025, 0.00025, 0.00025, 0.00025, 0.00025, 0.00025, 0.00025, 0.00025, 0.00025, 0.00025, 0.00025, 0.00025, 0.00025, 0.00025, 0.00025, 0.00025, 0.00025, 0.00025, 0.00025, 0.00025, 0.00025, 0.00025, 0.00025, 0.00025, 0.00025, 0.00025, 0.00025, 0.00025, 0.00025, 0.00025, 0.00025, 0.00025, 0.00025, 0.00025, 0.00025, 0.00025, 0.00025, 0.00025, 0.00025, 0.00025, 0.00025, 0.00025, 0.00025, 0.00025, 0.00025, 0.00025, 0.00025, 0.00025, 0.00025, 0.00025, 0.00025, 0.00025, 0.00025, 0.00025, 0.00025, 0.00025, 0.00025, 0.00025, 0.00025, 0.00025, 0.00025, 0.00025, 0.00025, 0.00025, 0.00025, 0.00025, 0.00025, 0.00025, 0.00025, 0.00025, 0.00025, 0.00025, 0.00025, 0.00025, 0.00025, 0.00025, 0.00025, 0.00025, 0.00025, 0.00025, 0.00025, 0.00025, 0.00025, 0.00025, 0.00025, 0.00025, 0.00025, 0.00025, 0.00025, 0.00025, 0.00025, 0.00025, 
0.26, 0.00026, 0.00026, 0.00026, 0.00026, 0.00026, 0.00026, 0.00026, 0.00026, 0.00026, 0.00026, 0.00026, 0.00026, 0.00026, 0.00026, 0.00026, 0.00026, 0.00026, 0.00026, 0.00026, 0.00026, 0.00026, 0.00026, 0.00026, 0.00026, 0.00026, 0.00026, 0.00026, 0.00026, 0.00026, 0.00026, 0.00026, 0.00026, 0.00026, 0.00026, 0.00026, 0.00026, 0.00026, 0.00026, 0.00026, 0.00026, 0.00026, 0.00026, 0.00026, 0.00026, 0.00026, 0.00026, 0.00026, 0.00026, 0.00026, 0.00026, 0.00026, 0.00026, 0.00026, 0.00026, 0.00026, 0.00026, 0.00026, 0.00026, 0.00026, 0.00026, 0.00026, 0.00026, 0.00026, 0.00026, 0.00026, 0.00026, 0.00026, 0.00026, 0.00026, 0.00026, 0.00026, 0.00026, 0.00026, 0.00026, 0.00026, 0.00026, 0.00026, 0.00026, 0.00026, 0.00026, 0.00026, 0.00026, 0.00026, 0.00026, 0.00026, 0.00026, 0.00026, 0.00026, 0.00026, 0.00026, 0.00026, 0.00026, 0.00026, 0.00026, 0.00026, 0.00026, 0.00026, 0.00026, 0.00026, 0.00026, 
0.27, 0.00027, 0.00027, 0.00027, 0.00027, 0.00027, 0.00027, 0.00027, 0.00027, 0.00027, 0.00027, 0.00027, 0.00027, 0.00027, 0.00027, 0.00027, 0.00027, 0.00027, 0.00027, 0.00027, 0.00027, 0.00027, 0.00027, 0.00027, 0.00027, 0.00027, 0.00027, 0.00027, 0.00027, 0.00027, 0.00027, 0.00027, 0.00027, 0.00027, 0.00027, 0.00027, 0.00027, 0.00027, 0.00027, 0.00027, 0.00027, 0.00027, 0.00027, 0.00027, 0.00027, 0.00027, 0.00027, 0.00027, 0.00027, 0.00027, 0.00027, 0.00027, 0.00027, 0.00027, 0.00027, 0.00027, 0.00027, 0.00027, 0.00027, 0.00027, 0.00027, 0.00027, 0.00027, 0.00027, 0.00027, 0.00027, 0.00027, 0.00027, 0.00027, 0.00027, 0.00027, 0.00027, 0.00027, 0.00027, 0.00027, 0.00027, 0.00027, 0.00027, 0.00027, 0.00027, 0.00027, 0.00027, 0.00027, 0.00027, 0.00027, 0.00027, 0.00027, 0.00027, 0.00027, 0.00027, 0.00027, 0.00027, 0.00027, 0.00027, 0.00027, 0.00027, 0.00027, 0.00027, 0.00027, 0.00027, 0.00027, 
0.28, 0.00028, 0.00028, 0.00028, 0.00028, 0.00028, 0.00028, 0.00028, 0.00028, 0.00028, 0.00028, 0.00028, 0.00028, 0.00028, 0.00028, 0.00028, 0.00028, 0.00028, 0.00028, 0.00028, 0.00028, 0.00028, 0.00028, 0.00028, 0.00028, 0.00028, 0.00028, 0.00028, 0.00028, 0.00028, 0.00028, 0.00028, 0.00028, 0.00028, 0.00028, 0.00028, 0.00028, 0.00028, 0.00028, 0.00028, 0.00028, 0.00028, 0.00028, 0.00028, 0.00028, 0.00028, 0.00028, 0.00028, 0.00028, 0.00028, 0.00028, 0.00028, 0.00028, 0.00028, 0.00028, 0.00028, 0.00028, 0.00028, 0.00028, 0.00028, 0.00028, 0.00028, 0.00028, 0.00028, 0.00028, 0.00028, 0.00028, 0.00028, 0.00028, 0.00028, 0.00028, 0.00028, 0.00028, 0.00028, 0.00028, 0.00028, 0.00028, 0.00028, 0.00028, 0.00028, 0.00028, 0.00028, 0.00028, 0.00028, 0.00028, 0.00028, 0.00028, 0.00028, 0.00028, 0.00028, 0.00028, 0.00028, 0.00028, 0.00028, 0.00028, 0.00028, 0.00028, 0.00028, 0.00028, 0.00028, 0.00028, 
0.29, 0.00029, 0.00029, 0.00029, 0.00029, 0.00029, 0.00029, 0.00029, 0.00029, 0.00029, 0.00029, 0.00029, 0.00029, 0.00029, 0.00029, 0.00029, 0.00029, 0.00029, 0.00029, 0.00029, 0.00029, 0.00029, 0.00029, 0.00029, 0.00029, 0.00029, 0.00029, 0.00029, 0.00029, 0.00029, 0.00029, 0.00029, 0.00029, 0.00029, 0.00029, 0.00029, 0.00029, 0.00029, 0.00029, 0.00029, 0.00029, 0.00029, 0.00029, 0.00029, 0.00029, 0.00029, 0.00029, 0.00029, 0.00029, 0.00029, 0.00029, 0.00029, 0.00029, 0.00029, 0.00029, 0.00029, 0.00029, 0.00029, 0.00029, 0.00029, 0.00029, 0.00029, 0.00029, 0.00029, 0.00029, 0.00029, 0.00029, 0.00029, 0.00029, 0.00029, 0.00029, 0.00029, 0.00029, 0.00029, 0.00029, 0.00029, 0.00029, 0.00029, 0.00029, 0.00029, 0.00029, 0.00029, 0.00029, 0.00029, 0.00029, 0.00029, 0.00029, 0.00029, 0.00029, 0.00029, 0.00029, 0.00029, 0.00029, 0.00029, 0.00029, 0.00029, 0.00029, 0.00029, 0.00029, 0.00029, 0.00029, 
0.3, 0.0003, 0.0003, 0.0003, 0.0003, 0.0003, 0.0003, 0.0003, 0.0003, 0.0003, 0.0003, 0.0003, 0.0003, 0.0003, 0.0003, 0.0003, 0.0003, 0.0003, 0.0003, 0.0003, 0.0003, 0.0003, 0.0003, 0.0003, 0.0003, 0.0003, 0.0003, 0.0003, 0.0003, 0.0003, 0.0003, 0.0003, 0.0003, 0.0003, 0.0003, 0.0003, 0.0003, 0.0003, 0.0003, 0.0003, 0.0003, 0.0003, 0.0003, 0.0003, 0.0003, 0.0003, 0.0003, 0.0003, 0.0003, 0.0003, 0.0003, 0.0003, 0.0003, 0.0003, 0.0003, 0.0003, 0.0003, 0.0003, 0.0003, 0.0003, 0.0003, 0.0003, 0.0003, 0.0003, 0.0003, 0.0003, 0.0003, 0.0003, 0.0003, 0.0003, 0.0003, 0.0003, 0.0003, 0.0003, 0.0003, 0.0003, 0.0003, 0.0003, 0.0003, 0.0003, 0.0003, 0.0003, 0.0003, 0.0003, 0.0003, 0.0003, 0.0003, 0.0003, 0.0003, 0.0003, 0.0003, 0.0003, 0.0003, 0.0003, 0.0003, 0.0003, 0.0003, 0.0003, 0.0003, 0.0003, 0.0003, 
0.31, 0.00031, 0.00031, 0.00031, 0.00031, 0.00031, 0.00031, 0.00031, 0.00031, 0.00031, 0.00031, 0.00031, 0.00031, 0.00031, 0.00031, 0.00031, 0.00031, 0.00031, 0.00031, 0.00031, 0.00031, 0.00031, 0.00031, 0.00031, 0.00031, 0.00031, 0.00031, 0.00031, 0.00031, 0.00031, 0.00031, 0.00031, 0.00031, 0.00031, 0.00031, 0.00031, 0.00031, 0.00031, 0.00031, 0.00031, 0.00031, 0.00031, 0.00031, 0.00031, 0.00031, 0.00031, 0.00031, 0.00031, 0.00031, 0.00031, 0.00031, 0.00031, 0.00031, 0.00031, 0.00031, 0.00031, 0.00031, 0.00031, 0.00031, 0.00031, 0.00031, 0.00031, 0.00031, 0.00031, 0.00031, 0.00031, 0.00031, 0.00031, 0.00031, 0.00031, 0.00031, 0.00031, 0.00031, 0.00031, 0.00031, 0.00031, 0.00031, 0.00031, 0.00031, 0.00031, 0.00031, 0.00031, 0.00031, 0.00031, 0.00031, 0.00031, 0.00031, 0.00031, 0.00031, 0.00031, 0.00031, 0.00031, 0.00031, 0.00031, 0.00031, 0.00031, 0.00031, 0.00031, 0.00031, 0.00031, 0.00031, 
0.32, 0.00032, 0.00032, 0.00032, 0.00032, 0.00032, 0.00032, 0.00032, 0.00032, 0.00032, 0.00032, 0.00032, 0.00032, 0.00032, 0.00032, 0.00032, 0.00032, 0.00032, 0.00032, 0.00032, 0.00032, 0.00032, 0.00032, 0.00032, 0.00032, 0.00032, 0.00032, 0.00032, 0.00032, 0.00032, 0.00032, 0.00032, 0.00032, 0.00032, 0.00032, 0.00032, 0.00032, 0.00032, 0.00032, 0.00032, 0.00032, 0.00032, 0.00032, 0.00032, 0.00032, 0.00032, 0.00032, 0.00032, 0.00032, 0.00032, 0.00032, 0.00032, 0.00032, 0.00032, 0.00032, 0.00032, 0.00032, 0.00032, 0.00032, 0.00032, 0.00032, 0.00032, 0.00032, 0.00032, 0.00032, 0.00032, 0.00032, 0.00032, 0.00032, 0.00032, 0.00032, 0.00032, 0.00032, 0.00032, 0.00032, 0.00032, 0.00032, 0.00032, 0.00032, 0.00032, 0.00032, 0.00032, 0.00032, 0.00032, 0.00032, 0.00032, 0.00032, 0.00032, 0.00032, 0.00032, 0.00032, 0.00032, 0.00032, 0.00032, 0.00032, 0.00032, 0.00032, 0.00032, 0.00032, 0.00032, 0.00032, 
0.33, 0.00033, 0.00033, 0.00033, 0.00033, 0.00033, 0.00033, 0.00033, 0.00033, 0.00033, 0.00033, 0.00033, 0.00033, 0.00033, 0.00033, 0.00033, 0.00033, 0.00033, 0.00033, 0.00033, 0.00033, 0.00033, 0.00033, 0.00033, 0.00033, 0.00033, 0.00033, 0.00033, 0.00033, 0.00033, 0.00033, 0.00033, 0.00033, 0.00033, 0.00033, 0.00033, 0.00033, 0.00033, 0.00033, 0.00033, 0.00033, 0.00033, 0.00033, 0.00033, 0.00033, 0.00033, 0.00033, 0.00033, 0.00033, 0.00033, 0.00033, 0.00033, 0.00033, 0.00033, 0.00033, 0.00033, 0.00033, 0.00033, 0.00033, 0.00033, 0.00033, 0.00033, 0.00033, 0.00033, 0.00033, 0.00033, 0.00033, 0.00033, 0.00033, 0.00033, 0.00033, 0.00033, 0.00033, 0.00033, 0.00033, 0.00033, 0.00033, 0.00033, 0.00033, 0.00033, 0.00033, 0.00033, 0.00033, 0.00033, 0.00033, 0.00033, 0.00033, 0.00033, 0.00033, 0.00033, 0.00033, 0.00033, 0.00033, 0.00033, 0.00033, 0.00033, 0.00033, 0.00033, 0.00033, 0.00033, 0.00033, 
0.34, 0.00034, 0.00034, 0.00034, 0.00034, 0.00034, 0.00034, 0.00034, 0.00034, 0.00034, 0.00034, 0.00034, 0.00034, 0.00034, 0.00034, 0.00034, 0.00034, 0.00034, 0.00034, 0.00034, 0.00034, 0.00034, 0.00034, 0.00034, 0.00034, 0.00034, 0.00034, 0.00034, 0.00034, 0.00034, 0.00034, 0.00034, 0.00034, 0.00034, 0.00034, 0.00034, 0.00034, 0.00034, 0.00034, 0.00034, 0.00034, 0.00034, 0.00034, 0.00034, 0.00034, 0.00034, 0.00034, 0.00034, 0.00034, 0.00034, 0.00034, 0.00034, 0.00034, 0.00034, 0.00034, 0.00034, 0.00034, 0.00034, 0.00034, 0.00034, 0.00034, 0.00034, 0.00034, 0.00034, 0.00034, 0.00034, 0.00034, 0.00034, 0.00034, 0.00034, 0.00034, 0.00034, 0.00034, 0.00034, 0.00034, 0.00034, 0.00034, 0.00034, 0.00034, 0.00034, 0.00034, 0.00034, 0.00034, 0.00034, 0.00034, 0.00034, 0.00034, 0.00034, 0.00034, 0.00034, 0.00034, 0.00034, 0.00034, 0.00034, 0.00034, 0.00034, 0.00034, 0.00034, 0.00034, 0.00034, 0.00034, 
0.35, 0.00035, 0.00035, 0.00035, 0.00035, 0.00035, 0.00035, 0.00035, 0.00035, 0.00035, 0.00035, 0.00035, 0.00035, 0.00035, 0.00035, 0.00035, 0.00035, 0.00035, 0.00035, 0.00035, 0.00035, 0.00035, 0.00035, 0.00035, 0.00035, 0.00035, 0.00035, 0.00035, 0.00035, 0.00035, 0.00035, 0.00035, 0.00035, 0.00035, 0.00035, 0.00035, 0.00035, 0.00035, 0.00035, 0.00035, 0.00035, 0.00035, 0.00035, 0.00035, 0.00035, 0.00035, 0.00035, 0.00035, 0.00035, 0.00035, 0.00035, 0.00035, 0.00035, 0.00035, 0.00035, 0.00035, 0.00035, 0.00035, 0.00035, 0.00035, 0.00035, 0.00035, 0.00035, 0.00035, 0.00035, 0.00035, 0.00035, 0.00035, 0.00035, 0.00035, 0.00035, 0.00035, 0.00035, 0.00035, 0.00035, 0.00035, 0.00035, 0.00035, 0.00035, 0.00035, 0.00035, 0.00035, 0.00035, 0.00035, 0.00035, 0.00035, 0.00035, 0.00035, 0.00035, 0.00035, 0.00035, 0.00035, 0.00035, 0.00035, 0.00035, 0.00035, 0.00035, 0.00035, 0.00035, 0.00035, 0.00035, 
0.36, 0.00036, 0.00036, 0.00036, 0.00036, 0.00036, 0.00036, 0.00036, 0.00036, 0.00036, 0.00036, 0.00036, 0.00036, 0.00036, 0.00036, 0.00036, 0.00036, 0.00036, 0.00036, 0.00036, 0.00036, 0.00036, 0.00036, 0.00036, 0.00036, 0.00036, 0.00036, 0.00036, 0.00036, 0.00036, 0.00036, 0.00036, 0.00036, 0.00036, 0.00036, 0.00036, 0.00036, 0.00036, 0.00036, 0.00036, 0.00036, 0.00036, 0.00036, 0.00036, 0.00036, 0.00036, 0.00036, 0.00036, 0.00036, 0.00036, 0.00036, 0.00036, 0.00036, 0.00036, 0.00036, 0.00036, 0.00036, 0.00036, 0.00036, 0.00036, 0.00036, 0.00036, 0.00036, 0.00036, 0.00036, 0.00036, 0.00036, 0.00036, 0.00036, 0.00036, 0.00036, 0.00036, 0.00036, 0.00036, 0.00036, 0.00036, 0.00036, 0.00036, 0.00036, 0.00036, 0.00036, 0.00036, 0.00036, 0.00036, 0.00036, 0.00036, 0.00036, 0.00036, 0.00036, 0.00036, 0.00036, 0.00036, 0.00036, 0.00036, 0.00036, 0.00036, 0.00036, 0.00036, 0.00036, 0.00036, 0.00036, 
0.37, 0.00037, 0.00037, 0.00037, 0.00037, 0.00037, 0.00037, 0.00037, 0.00037, 0.00037, 0.00037, 0.00037, 0.00037, 0.00037, 0.00037, 0.00037, 0.00037, 0.00037, 0.00037, 0.00037, 0.00037, 0.00037, 0.00037, 0.00037, 0.00037, 0.00037, 0.00037, 0.00037, 0.00037, 0.00037, 0.00037, 0.00037, 0.00037, 0.00037, 0.00037, 0.00037, 0.00037, 0.00037, 0.00037, 0.00037, 0.00037, 0.00037, 0.00037, 0.00037, 0.00037, 0.00037, 0.00037, 0.00037, 0.00037, 0.00037, 0.00037, 0.00037, 0.00037, 0.00037, 0.00037, 0.00037, 0.00037, 0.00037, 0.00037, 0.00037, 0.00037, 0.00037, 0.00037, 0.00037, 0.00037, 0.00037, 0.00037, 0.00037, 0.00037, 0.00037, 0.00037, 0.00037, 0.00037, 0.00037, 0.00037, 0.00037, 0.00037, 0.00037, 0.00037, 0.00037, 0.00037, 0.00037, 0.00037, 0.00037, 0.00037, 0.00037, 0.00037, 0.00037, 0.00037, 0.00037, 0.00037, 0.00037, 0.00037, 0.00037, 0.00037, 0.00037, 0.00037, 0.00037, 0.00037, 0.00037, 0.00037, 
0.38, 0.00038, 0.00038, 0.00038, 0.00038, 0.00038, 0.00038, 0.00038, 0.00038, 0.00038, 0.00038, 0.00038, 0.00038, 0.00038, 0.00038, 0.00038, 0.00038, 0.00038, 0.00038, 0.00038, 0.00038, 0.00038, 0.00038, 0.00038, 0.00038, 0.00038, 0.00038, 0.00038, 0.00038, 0.00038, 0.00038, 0.00038, 0.00038, 0.00038, 0.00038, 0.00038, 0.00038, 0.00038, 0.00038, 0.00038, 0.00038, 0.00038, 0.00038, 0.00038, 0.00038, 0.00038, 0.00038, 0.00038, 0.00038, 0.00038, 0.00038, 0.00038, 0.00038, 0.00038, 0.00038, 0.00038, 0.00038, 0.00038, 0.00038, 0.00038, 0.00038, 0.00038, 0.00038, 0.00038, 0.00038, 0.00038, 0.00038, 0.00038, 0.00038, 0.00038, 0.00038, 0.00038, 0.00038, 0.00038, 0.00038, 0.00038, 0.00038, 0.00038, 0.00038, 0.00038, 0.00038, 0.00038, 0.00038, 0.00038, 0.00038, 0.00038, 0.00038, 0.00038, 0.00038, 0.00038, 0.00038, 0.00038, 0.00038, 0.00038, 0.00038, 0.00038, 0.00038, 0.00038, 0.00038, 0.00038, 0.00038, 
0.39, 0.00039, 0.00039, 0.00039, 0.00039, 0.00039, 0.00039, 0.00039, 0.00039, 0.00039, 0.00039, 0.00039, 0.00039, 0.00039, 0.00039, 0.00039, 0.00039, 0.00039, 0.00039, 0.00039, 0.00039, 0.00039, 0.00039, 0.00039, 0.00039, 0.00039, 0.00039, 0.00039, 0.00039, 0.00039, 0.00039, 0.00039, 0.00039, 0.00039, 0.00039, 0.00039, 0.00039, 0.00039, 0.00039, 0.00039, 0.00039, 0.00039, 0.00039, 0.00039, 0.00039, 0.00039, 0.00039, 0.00039, 0.00039, 0.00039, 0.00039, 0.00039, 0.00039, 0.00039, 0.00039, 0.00039, 0.00039, 0.00039, 0.00039, 0.00039, 0.00039, 0.00039, 0.00039, 0.00039, 0.00039, 0.00039, 0.00039, 0.00039, 0.00039, 0.00039, 0.00039, 0.00039, 0.00039, 0.00039, 0.00039, 0.00039, 0.00039, 0.00039, 0.00039, 0.00039, 0.00039, 0.00039, 0.00039, 0.00039, 0.00039, 0.00039, 0.00039, 0.00039, 0.00039, 0.00039, 0.00039, 0.00039, 0.00039, 0.00039, 0.00039, 0.00039, 0.00039, 0.00039, 0.00039, 0.00039, 0.00039, 
0.4, 0.0004, 0.0004, 0.0004, 0.0004, 0.0004, 0.0004, 0.0004, 0.0004, 0.0004, 0.0004, 0.0004, 0.0004, 0.0004, 0.0004, 0.0004, 0.0004, 0.0004, 0.0004, 0.0004, 0.0004, 0.0004, 0.0004, 0.0004, 0.0004, 0.0004, 0.0004, 0.0004, 0.0004, 0.0004, 0.0004, 0.0004, 0.0004, 0.0004, 0.0004, 0.0004, 0.0004, 0.0004, 0.0004, 0.0004, 0.0004, 0.0004, 0.0004, 0.0004, 0.0004, 0.0004, 0.0004, 0.0004, 0.0004, 0.0004, 0.0004, 0.0004, 0.0004, 0.0004, 0.0004, 0.0004, 0.0004, 0.0004, 0.0004, 0.0004, 0.0004, 0.0004, 0.0004, 0.0004, 0.0004, 0.0004, 0.0004, 0.0004, 0.0004, 0.0004, 0.0004, 0.0004, 0.0004, 0.0004, 0.0004, 0.0004, 0.0004, 0.0004, 0.0004, 0.0004, 0.0004, 0.0004, 0.0004, 0.0004, 0.0004, 0.0004, 0.0004, 0.0004, 0.0004, 0.0004, 0.0004, 0.0004, 0.0004, 0.0004, 0.0004, 0.0004, 0.0004, 0.0004, 0.0004, 0.0004, 0.0004, 
0.41, 0.00041, 0.00041, 0.00041, 0.00041, 0.00041, 0.00041, 0.00041, 0.00041, 0.00041, 0.00041, 0.00041, 0.00041, 0.00041, 0.00041, 0.00041, 0.00041, 0.00041, 0.00041, 0.00041, 0.00041, 0.00041, 0.00041, 0.00041, 0.00041, 0.00041, 0.00041, 0.00041, 0.00041, 0.00041, 0.00041, 0.00041, 0.00041, 0.00041, 0.00041, 0.00041, 0.00041, 0.00041, 0.00041, 0.00041, 0.00041, 0.00041, 0.00041, 0.00041, 0.00041, 0.00041, 0.00041, 0.00041, 0.00041, 0.00041, 0.00041, 0.00041, 0.00041, 0.00041, 0.00041, 0.00041, 0.00041, 0.00041, 0.00041, 0.00041, 0.00041, 0.00041, 0.00041, 0.00041, 0.00041, 0.00041, 0.00041, 0.00041, 0.00041, 0.00041, 0.00041, 0.00041, 0.00041, 0.00041, 0.00041, 0.00041, 0.00041, 0.00041, 0.00041, 0.00041, 0.00041, 0.00041, 0.00041, 0.00041, 0.00041, 0.00041, 0.00041, 0.00041, 0.00041, 0.00041, 0.00041, 0.00041, 0.00041, 0.00041, 0.00041, 0.00041, 0.00041, 0.00041, 0.00041, 0.00041, 0.00041, 
0.42, 0.00042, 0.00042, 0.00042, 0.00042, 0.00042, 0.00042, 0.00042, 0.00042, 0.00042, 0.00042, 0.00042, 0.00042, 0.00042, 0.00042, 0.00042, 0.00042, 0.00042, 0.00042, 0.00042, 0.00042, 0.00042, 0.00042, 0.00042, 0.00042, 0.00042, 0.00042, 0.00042, 0.00042, 0.00042, 0.00042, 0.00042, 0.00042, 0.00042, 0.00042, 0.00042, 0.00042, 0.00042, 0.00042, 0.00042, 0.00042, 0.00042, 0.00042, 0.00042, 0.00042, 0.00042, 0.00042, 0.00042, 0.00042, 0.00042, 0.00042, 0.00042, 0.00042, 0.00042, 0.00042, 0.00042, 0.00042, 0.00042, 0.00042, 0.00042, 0.00042, 0.00042, 0.00042, 0.00042, 0.00042, 0.00042, 0.00042, 0.00042, 0.00042, 0.00042, 0.00042, 0.00042, 0.00042, 0.00042, 0.00042, 0.00042, 0.00042, 0.00042, 0.00042, 0.00042, 0.00042, 0.00042, 0.00042, 0.00042, 0.00042, 0.00042, 0.00042, 0.00042, 0.00042, 0.00042, 0.00042, 0.00042, 0.00042, 0.00042, 0.00042, 0.00042, 0.00042, 0.00042, 0.00042, 0.00042, 0.00042, 
0.43, 0.00043, 0.00043, 0.00043, 0.00043, 0.00043, 0.00043, 0.00043, 0.00043, 0.00043, 0.00043, 0.00043, 0.00043, 0.00043, 0.00043, 0.00043, 0.00043, 0.00043, 0.00043, 0.00043, 0.00043, 0.00043, 0.00043, 0.00043, 0.00043, 0.00043, 0.00043, 0.00043, 0.00043, 0.00043, 0.00043, 0.00043, 0.00043, 0.00043, 0.00043, 0.00043, 0.00043, 0.00043, 0.00043, 0.00043, 0.00043, 0.00043, 0.00043, 0.00043, 0.00043, 0.00043, 0.00043, 0.00043, 0.00043, 0.00043, 0.00043, 0.00043, 0.00043, 0.00043, 0.00043, 0.00043, 0.00043, 0.00043, 0.00043, 0.00043, 0.00043, 0.00043, 0.00043, 0.00043, 0.00043, 0.00043, 0.00043, 0.00043, 0.00043, 0.00043, 0.00043, 0.00043, 0.00043, 0.00043, 0.00043, 0.00043, 0.00043, 0.00043, 0.00043, 0.00043, 0.00043, 0.00043, 0.00043, 0.00043, 0.00043, 0.00043, 0.00043, 0.00043, 0.00043, 0.00043, 0.00043, 0.00043, 0.00043, 0.00043, 0.00043, 0.00043, 0.00043, 0.00043, 0.00043, 0.00043, 0.00043, 
0.44, 0.00044, 0.00044, 0.00044, 0.00044, 0.00044, 0.00044, 0.00044, 0.00044, 0.00044, 0.00044, 0.00044, 0.00044, 0.00044, 0.00044, 0.00044, 0.00044, 0.00044, 0.00044, 0.00044, 0.00044, 0.00044, 0.00044, 0.00044, 0.00044, 0.00044, 0.00044, 0.00044, 0.00044, 0.00044, 0.00044, 0.00044, 0.00044, 0.00044, 0.00044, 0.00044, 0.00044, 0.00044, 0.00044, 0.00044, 0.00044, 0.00044, 0.00044, 0.00044, 0.00044, 0.00044, 0.00044, 0.00044, 0.00044, 0.00044, 0.00044, 0.00044, 0.00044, 0.00044, 0.00044, 0.00044, 0.00044, 0.00044, 0.00044, 0.00044, 0.00044, 0.00044, 0.00044, 0.00044, 0.00044, 0.00044, 0.00044, 0.00044, 0.00044, 0.00044, 0.00044, 0.00044, 0.00044, 0.00044, 0.00044, 0.00044, 0.00044, 0.00044, 0.00044, 0.00044, 0.00044, 0.00044, 0.00044, 0.00044, 0.00044, 0.00044, 0.00044, 0.00044, 0.00044, 0.00044, 0.00044, 0.00044, 0.00044, 0.00044, 0.00044, 0.00044, 0.00044, 0.00044, 0.00044, 0.00044, 0.00044, 
0.45, 0.00045, 0.00045, 0.00045, 0.00045, 0.00045, 0.00045, 0.00045, 0.00045, 0.00045, 0.00045, 0.00045, 0.00045, 0.00045, 0.00045, 0.00045, 0.00045, 0.00045, 0.00045, 0.00045, 0.00045, 0.00045, 0.00045, 0.00045, 0.00045, 0.00045, 0.00045, 0.00045, 0.00045, 0.00045, 0.00045, 0.00045, 0.00045, 0.00045, 0.00045, 0.00045, 0.00045, 0.00045, 0.00045, 0.00045, 0.00045, 0.00045, 0.00045, 0.00045, 0.00045, 0.00045, 0.00045, 0.00045, 0.00045, 0.00045, 0.00045, 0.00045, 0.00045, 0.00045, 0.00045, 0.00045, 0.00045, 0.00045, 0.00045, 0.00045, 0.00045, 0.00045, 0.00045, 0.00045, 0.00045, 0.00045, 0.00045, 0.00045, 0.00045, 0.00045, 0.00045, 0.00045, 0.00045, 0.00045, 0.00045, 0.00045, 0.00045, 0.00045, 0.00045, 0.00045, 0.00045, 0.00045, 0.00045, 0.00045, 0.00045, 0.00045, 0.00045, 0.00045, 0.00045, 0.00045, 0.00045, 0.00045, 0.00045, 0.00045, 0.00045, 0.00045, 0.00045, 0.00045, 0.00045, 0.00045, 0.00045, 
0.46, 0.00046, 0.00046, 0.00046, 0.00046, 0.00046, 0.00046, 0.00046, 0.00046, 0.00046, 0.00046, 0.00046, 0.00046, 0.00046, 0.00046, 0.00046, 0.00046, 0.00046, 0.00046, 0.00046, 0.00046, 0.00046, 0.00046, 0.00046, 0.00046, 0.00046, 0.00046, 0.00046, 0.00046, 0.00046, 0.00046, 0.00046, 0.00046, 0.00046, 0.00046, 0.00046, 0.00046, 0.00046, 0.00046, 0.00046, 0.00046, 0.00046, 0.00046, 0.00046, 0.00046, 0.00046, 0.00046, 0.00046, 0.00046, 0.00046, 0.00046, 0.00046, 0.00046, 0.00046, 0.00046, 0.00046, 0.00046, 0.00046, 0.00046, 0.00046, 0.00046, 0.00046, 0.00046, 0.00046, 0.00046, 0.00046, 0.00046, 0.00046, 0.00046, 0.00046, 0.00046, 0.00046, 0.00046, 0.00046, 0.00046, 0.00046, 0.00046, 0.00046, 0.00046, 0.00046, 0.00046, 0.00046, 0.00046, 0.00046, 0.00046, 0.00046, 0.00046, 0.00046, 0.00046, 0.00046, 0.00046, 0.00046, 0.00046, 0.00046, 0.00046, 0.00046, 0.00046, 0.00046, 0.00046, 0.00046, 0.00046, 
0.47, 0.00047, 0.00047, 0.00047, 0.00047, 0.00047, 0.00047, 0.00047, 0.00047, 0.00047, 0.00047, 0.00047, 0.00047, 0.00047, 0.00047, 0.00047, 0.00047, 0.00047, 0.00047, 0.00047, 0.00047, 0.00047, 0.00047, 0.00047, 0.00047, 0.00047, 0.00047, 0.00047, 0.00047, 0.00047, 0.00047, 0.00047, 0.00047, 0.00047, 0.00047, 0.00047, 0.00047, 0.00047, 0.00047, 0.00047, 0.00047, 0.00047, 0.00047, 0.00047, 0.00047, 0.00047, 0.00047, 0.00047, 0.00047, 0.00047, 0.00047, 0.00047, 0.00047, 0.00047, 0.00047, 0.00047, 0.00047, 0.00047, 0.00047, 0.00047, 0.00047, 0.00047, 0.00047, 0.00047, 0.00047, 0.00047, 0.00047, 0.00047, 0.00047, 0.00047, 0.00047, 0.00047, 0.00047, 0.00047, 0.00047, 0.00047, 0.00047, 0.00047, 0.00047, 0.00047, 0.00047, 0.00047, 0.00047, 0.00047, 0.00047, 0.00047, 0.00047, 0.00047, 0.00047, 0.00047, 0.00047, 0.00047, 0.00047, 0.00047, 0.00047, 0.00047, 0.00047, 0.00047, 0.00047, 0.00047, 0.00047, 
0.48, 0.00048, 0.00048, 0.00048, 0.00048, 0.00048, 0.00048, 0.00048, 0.00048, 0.00048, 0.00048, 0.00048, 0.00048, 0.00048, 0.00048, 0.00048, 0.00048, 0.00048, 0.00048, 0.00048, 0.00048, 0.00048, 0.00048, 0.00048, 0.00048, 0.00048, 0.00048, 0.00048, 0.00048, 0.00048, 0.00048, 0.00048, 0.00048, 0.00048, 0.00048, 0.00048, 0.00048, 0.00048, 0.00048, 0.00048, 0.00048, 0.00048, 0.00048, 0.00048, 0.00048, 0.00048, 0.00048, 0.00048, 0.00048, 0.00048, 0.00048, 0.00048, 0.00048, 0.00048, 0.00048, 0.00048, 0.00048, 0.00048, 0.00048, 0.00048, 0.00048, 0.00048, 0.00048, 0.00048, 0.00048, 0.00048, 0.00048, 0.00048, 0.00048, 0.00048, 0.00048, 0.00048, 0.00048, 0.00048, 0.00048, 0.00048, 0.00048, 0.00048, 0.00048, 0.00048, 0.00048, 0.00048, 0.00048, 0.00048, 0.00048, 0.00048, 0.00048, 0.00048, 0.00048, 0.00048, 0.00048, 0.00048, 0.00048, 0.00048, 0.00048, 0.00048, 0.00048, 0.00048, 0.00048, 0.00048, 0.00048, 
0.49, 0.00049, 0.00049, 0.00049, 0.00049, 0.00049, 0.00049, 0.00049, 0.00049, 0.00049, 0.00049, 0.00049, 0.00049, 0.00049, 0.00049, 0.00049, 0.00049, 0.00049, 0.00049, 0.00049, 0.00049, 0.00049, 0.00049, 0.00049, 0.00049, 0.00049, 0.00049, 0.00049, 0.00049, 0.00049, 0.00049, 0.00049, 0.00049, 0.00049, 0.00049, 0.00049, 0.00049, 0.00049, 0.00049, 0.00049, 0.00049, 0.00049, 0.00049, 0.00049, 0.00049, 0.00049, 0.00049, 0.00049, 0.00049, 0.00049, 0.00049, 0.00049, 0.00049, 0.00049, 0.00049, 0.00049, 0.00049, 0.00049, 0.00049, 0.00049, 0.00049, 0.00049, 0.00049, 0.00049, 0.00049, 0.00049, 0.00049, 0.00049, 0.00049, 0.00049, 0.00049, 0.00049, 0.00049, 0.00049, 0.00049, 0.00049, 0.00049, 0.00049, 0.00049, 0.00049, 0.00049, 0.00049, 0.00049, 0.00049, 0.00049, 0.00049, 0.00049, 0.00049, 0.00049, 0.00049, 0.00049, 0.00049, 0.00049, 0.00049, 0.00049, 0.00049, 0.00049, 0.00049, 0.00049, 0.00049, 0.00049, 
0.5, 0.0005, 0.0005, 0.0005, 0.0005, 0.0005, 0.0005, 0.0005, 0.0005, 0.0005, 0.0005, 0.0005, 0.0005, 0.0005, 0.0005, 0.0005, 0.0005, 0.0005, 0.0005, 0.0005, 0.0005, 0.0005, 0.0005, 0.0005, 0.0005, 0.0005, 0.0005, 0.0005, 0.0005, 0.0005, 0.0005, 0.0005, 0.0005, 0.0005, 0.0005, 0.0005, 0.0005, 0.0005, 0.0005, 0.0005, 0.0005, 0.0005, 0.0005, 0.0005, 0.0005, 0.0005, 0.0005, 0.0005, 0.0005, 0.0005, 0.0005, 0.0005, 0.0005, 0.0005, 0.0005, 0.0005, 0.0005, 0.0005, 0.0005, 0.0005, 0.0005, 0.0005, 0.0005, 0.0005, 0.0005, 0.0005, 0.0005, 0.0005, 0.0005, 0.0005, 0.0005, 0.0005, 0.0005, 0.0005, 0.0005, 0.0005, 0.0005, 0.0005, 0.0005, 0.0005, 0.0005, 0.0005, 0.0005, 0.0005, 0.0005, 0.0005, 0.0005, 0.0005, 0.0005, 0.0005, 0.0005, 0.0005, 0.0005, 0.0005, 0.0005, 0.0005, 0.0005, 0.0005, 0.0005, 0.0005, 0.0005, 
0.51, 0.00051, 0.00051, 0.00051, 0.00051, 0.00051, 0.00051, 0.00051, 0.00051, 0.00051, 0.00051, 0.00051, 0.00051, 0.00051, 0.00051, 0.00051, 0.00051, 0.00051, 0.00051, 0.00051, 0.00051, 0.00051, 0.00051, 0.00051, 0.00051, 0.00051, 0.00051, 0.00051, 0.00051, 0.00051, 0.00051, 0.00051, 0.00051, 0.00051, 0.00051, 0.00051, 0.00051, 0.00051, 0.00051, 0.00051, 0.00051, 0.00051, 0.00051, 0.00051, 0.00051, 0.00051, 0.00051, 0.00051, 0.00051, 0.00051, 0.00051, 0.00051, 0.00051, 0.00051, 0.00051, 0.00051, 0.00051, 0.00051, 0.00051, 0.00051, 0.00051, 0.00051, 0.00051, 0.00051, 0.00051, 0.00051, 0.00051, 0.00051, 0.00051, 0.00051, 0.00051, 0.00051, 0.00051, 0.00051, 0.00051, 0.00051, 0.00051, 0.00051, 0.00051, 0.00051, 0.00051, 0.00051, 0.00051, 0.00051, 0.00051, 0.00051, 0.00051, 0.00051, 0.00051, 0.00051, 0.00051, 0.00051, 0.00051, 0.00051, 0.00051, 0.00051, 0.00051, 0.00051, 0.00051, 0.00051, 0.00051, 
0.52, 0.00052, 0.00052, 0.00052, 0.00052, 0.00052, 0.00052, 0.00052, 0.00052, 0.00052, 0.00052, 0.00052, 0.00052, 0.00052, 0.00052, 0.00052, 0.00052, 0.00052, 0.00052, 0.00052, 0.00052, 0.00052, 0.00052, 0.00052, 0.00052, 0.00052, 0.00052, 0.00052, 0.00052, 0.00052, 0.00052, 0.00052, 0.00052, 0.00052, 0.00052, 0.00052, 0.00052, 0.00052, 0.00052, 0.00052, 0.00052, 0.00052, 0.00052, 0.00052, 0.00052, 0.00052, 0.00052, 0.00052, 0.00052, 0.00052, 0.00052, 0.00052, 0.00052, 0.00052, 0.00052, 0.00052, 0.00052, 0.00052, 0.00052, 0.00052, 0.00052, 0.00052, 0.00052, 0.00052, 0.00052, 0.00052, 0.00052, 0.00052, 0.00052, 0.00052, 0.00052, 0.00052, 0.00052, 0.00052, 0.00052, 0.00052, 0.00052, 0.00052, 0.00052, 0.00052, 0.00052, 0.00052, 0.00052, 0.00052, 0.00052, 0.00052, 0.00052, 0.00052, 0.00052, 0.00052, 0.00052, 0.00052, 0.00052, 0.00052, 0.00052, 0.00052, 0.00052, 0.00052, 0.00052, 0.00052, 0.00052, 
0.53, 0.00053, 0.00053, 0.00053, 0.00053, 0.00053, 0.00053, 0.00053, 0.00053, 0.00053, 0.00053, 0.00053, 0.00053, 0.00053, 0.00053, 0.00053, 0.00053, 0.00053, 0.00053, 0.00053, 0.00053, 0.00053, 0.00053, 0.00053, 0.00053, 0.00053, 0.00053, 0.00053, 0.00053, 0.00053, 0.00053, 0.00053, 0.00053, 0.00053, 0.00053, 0.00053, 0.00053, 0.00053, 0.00053, 0.00053, 0.00053, 0.00053, 0.00053, 0.00053, 0.00053, 0.00053, 0.00053, 0.00053, 0.00053, 0.00053, 0.00053, 0.00053, 0.00053, 0.00053, 0.00053, 0.00053, 0.00053, 0.00053, 0.00053, 0.00053, 0.00053, 0.00053, 0.00053, 0.00053, 0.00053, 0.00053, 0.00053, 0.00053, 0.00053, 0.00053, 0.00053, 0.00053, 0.00053, 0.00053, 0.00053, 0.00053, 0.00053, 0.00053, 0.00053, 0.00053, 0.00053, 0.00053, 0.00053, 0.00053, 0.00053, 0.00053, 0.00053, 0.00053, 0.00053, 0.00053, 0.00053, 0.00053, 0.00053, 0.00053, 0.00053, 0.00053, 0.00053, 0.00053, 0.00053, 0.00053, 0.00053, 
0.54, 0.00054, 0.00054, 0.00054, 0.00054, 0.00054, 0.00054, 0.00054, 0.00054, 0.00054, 0.00054, 0.00054, 0.00054, 0.00054, 0.00054, 0.00054, 0.00054, 0.00054, 0.00054, 0.00054, 0.00054, 0.00054, 0.00054, 0.00054, 0.00054, 0.00054, 0.00054, 0.00054, 0.00054, 0.00054, 0.00054, 0.00054, 0.00054, 0.00054, 0.00054, 0.00054, 0.00054, 0.00054, 0.00054, 0.00054, 0.00054, 0.00054, 0.00054, 0.00054, 0.00054, 0.00054, 0.00054, 0.00054, 0.00054, 0.00054, 0.00054, 0.00054, 0.00054, 0.00054, 0.00054, 0.00054, 0.00054, 0.00054, 0.00054, 0.00054, 0.00054, 0.00054, 0.00054, 0.00054, 0.00054, 0.00054, 0.00054, 0.00054, 0.00054, 0.00054, 0.00054, 0.00054, 0.00054, 0.00054, 0.00054, 0.00054, 0.00054, 0.00054, 0.00054, 0.00054, 0.00054, 0.00054, 0.00054, 0.00054, 0.00054, 0.00054, 0.00054, 0.00054, 0.00054, 0.00054, 0.00054, 0.00054, 0.00054, 0.00054, 0.00054, 0.00054, 0.00054, 0.00054, 0.00054, 0.00054, 0.00054, 
0.55, 0.00055, 0.00055, 0.00055, 0.00055, 0.00055, 0.00055, 0.00055, 0.00055, 0.00055, 0.00055, 0.00055, 0.00055, 0.00055, 0.00055, 0.00055, 0.00055, 0.00055, 0.00055, 0.00055, 0.00055, 0.00055, 0.00055, 0.00055, 0.00055, 0.00055, 0.00055, 0.00055, 0.00055, 0.00055, 0.00055, 0.00055, 0.00055, 0.00055, 0.00055, 0.00055, 0.00055, 0.00055, 0.00055, 0.00055, 0.00055, 0.00055, 0.00055, 0.00055, 0.00055, 0.00055, 0.00055, 0.00055, 0.00055, 0.00055, 0.00055, 0.00055, 0.00055, 0.00055, 0.00055, 0.00055, 0.00055, 0.00055, 0.00055, 0.00055, 0.00055, 0.00055, 0.00055, 0.00055, 0.00055, 0.00055, 0.00055, 0.00055, 0.00055, 0.00055, 0.00055, 0.00055, 0.00055, 0.00055, 0.00055, 0.00055, 0.00055, 0.00055, 0.00055, 0.00055, 0.00055, 0.00055, 0.00055, 0.00055, 0.00055, 0.00055, 0.00055, 0.00055, 0.00055, 0.00055, 0.00055, 0.00055, 0.00055, 0.00055, 0.00055, 0.00055, 0.00055, 0.00055, 0.00055, 0.00055, 0.00055, 
0.56, 0.00056, 0.00056, 0.00056, 0.00056, 0.00056, 0.00056, 0.00056, 0.00056, 0.00056, 0.00056, 0.00056, 0.00056, 0.00056, 0.00056, 0.00056, 0.00056, 0.00056, 0.00056, 0.00056, 0.00056, 0.00056, 0.00056, 0.00056, 0.00056, 0.00056, 0.00056, 0.00056, 0.00056, 0.00056, 0.00056, 0.00056, 0.00056, 0.00056, 0.00056, 0.00056, 0.00056, 0.00056, 0.00056, 0.00056, 0.00056, 0.00056, 0.00056, 0.00056, 0.00056, 0.00056, 0.00056, 0.00056, 0.00056, 0.00056, 0.00056, 0.00056, 0.00056, 0.00056, 0.00056, 0.00056, 0.00056, 0.00056, 0.00056, 0.00056, 0.00056, 0.00056, 0.00056, 0.00056, 0.00056, 0.00056, 0.00056, 0.00056, 0.00056, 0.00056, 0.00056, 0.00056, 0.00056, 0.00056, 0.00056, 0.00056, 0.00056, 0.00056, 0.00056, 0.00056, 0.00056, 0.00056, 0.00056, 0.00056, 0.00056, 0.00056, 0.00056, 0.00056, 0.00056, 0.00056, 0.00056, 0.00056, 0.00056, 0.00056, 0.00056, 0.00056, 0.00056, 0.00056, 0.00056, 0.00056, 0.00056, 
0.57, 0.00057, 0.00057, 0.00057, 0.00057, 0.00057, 0.00057, 0.00057, 0.00057, 0.00057, 0.00057, 0.00057, 0.00057, 0.00057, 0.00057, 0.00057, 0.00057, 0.00057, 0.00057, 0.00057, 0.00057, 0.00057, 0.00057, 0.00057, 0.00057, 0.00057, 0.00057, 0.00057, 0.00057, 0.00057, 0.00057, 0.00057, 0.00057, 0.00057, 0.00057, 0.00057, 0.00057, 0.00057, 0.00057, 0.00057, 0.00057, 0.00057, 0.00057, 0.00057, 0.00057, 0.00057, 0.00057, 0.00057, 0.00057, 0.00057, 0.00057, 0.00057, 0.00057, 0.00057, 0.00057, 0.00057, 0.00057, 0.00057, 0.00057, 0.00057, 0.00057, 0.00057, 0.00057, 0.00057, 0.00057, 0.00057, 0.00057, 0.00057, 0.00057, 0.00057, 0.00057, 0.00057, 0.00057, 0.00057, 0.00057, 0.00057, 0.00057, 0.00057, 0.00057, 0.00057, 0.00057, 0.00057, 0.00057, 0.00057, 0.00057, 0.00057, 0.00057, 0.00057, 0.00057, 0.00057, 0.00057, 0.00057, 0.00057, 0.00057, 0.00057, 0.00057, 0.00057, 0.00057, 0.00057, 0.00057, 0.00057, 
0.58, 0.00058, 0.00058, 0.00058, 0.00058, 0.00058, 0.00058, 0.00058, 0.00058, 0.00058, 0.00058, 0.00058, 0.00058, 0.00058, 0.00058, 0.00058, 0.00058, 0.00058, 0.00058, 0.00058, 0.00058, 0.00058, 0.00058, 0.00058, 0.00058, 0.00058, 0.00058, 0.00058, 0.00058, 0.00058, 0.00058, 0.00058, 0.00058, 0.00058, 0.00058, 0.00058, 0.00058, 0.00058, 0.00058, 0.00058, 0.00058, 0.00058, 0.00058, 0.00058, 0.00058, 0.00058, 0.00058, 0.00058, 0.00058, 0.00058, 0.00058, 0.00058, 0.00058, 0.00058, 0.00058, 0.00058, 0.00058, 0.00058, 0.00058, 0.00058, 0.00058, 0.00058, 0.00058, 0.00058, 0.00058, 0.00058, 0.00058, 0.00058, 0.00058, 0.00058, 0.00058, 0.00058, 0.00058, 0.00058, 0.00058, 0.00058, 0.00058, 0.00058, 0.00058, 0.00058, 0.00058, 0.00058, 0.00058, 0.00058, 0.00058, 0.00058, 0.00058, 0.00058, 0.00058, 0.00058, 0.00058, 0.00058, 0.00058, 0.00058, 0.00058, 0.00058, 0.00058, 0.00058, 0.00058, 0.00058, 0.00058, 
0.59, 0.00059, 0.00059, 0.00059, 0.00059, 0.00059, 0.00059, 0.00059, 0.00059, 0.00059, 0.00059, 0.00059, 0.00059, 0.00059, 0.00059, 0.00059, 0.00059, 0.00059, 0.00059, 0.00059, 0.00059, 0.00059, 0.00059, 0.00059, 0.00059, 0.00059, 0.00059, 0.00059, 0.00059, 0.00059, 0.00059, 0.00059, 0.00059, 0.00059, 0.00059, 0.00059, 0.00059, 0.00059, 0.00059, 0.00059, 0.00059, 0.00059, 0.00059, 0.00059, 0.00059, 0.00059, 0.00059, 0.00059, 0.00059, 0.00059, 0.00059, 0.00059, 0.00059, 0.00059, 0.00059, 0.00059, 0.00059, 0.00059, 0.00059, 0.00059, 0.00059, 0.00059, 0.00059, 0.00059, 0.00059, 0.00059, 0.00059, 0.00059, 0.00059, 0.00059, 0.00059, 0.00059, 0.00059, 0.00059, 0.00059, 0.00059, 0.00059, 0.00059, 0.00059, 0.00059, 0.00059, 0.00059, 0.00059, 0.00059, 0.00059, 0.00059, 0.00059, 0.00059, 0.00059, 0.00059, 0.00059, 0.00059, 0.00059, 0.00059, 0.00059, 0.00059, 0.00059, 0.00059, 0.00059, 0.00059, 0.00059, 
0.6, 0.0006, 0.0006, 0.0006, 0.0006, 0.0006, 0.0006, 0.0006, 0.0006, 0.0006, 0.0006, 0.0006, 0.0006, 0.0006, 0.0006, 0.0006, 0.0006, 0.0006, 0.0006, 0.0006, 0.0006, 0.0006, 0.0006, 0.0006, 0.0006, 0.0006, 0.0006, 0.0006, 0.0006, 0.0006, 0.0006, 0.0006, 0.0006, 0.0006, 0.0006, 0.0006, 0.0006, 0.0006, 0.0006, 0.0006, 0.0006, 0.0006, 0.0006, 0.0006, 0.0006, 0.0006, 0.0006, 0.0006, 0.0006, 0.0006, 0.0006, 0.0006, 0.0006, 0.0006, 0.0006, 0.0006, 0.0006, 0.0006, 0.0006, 0.0006, 0.0006, 0.0006, 0.0006, 0.0006, 0.0006, 0.0006, 0.0006, 0.0006, 0.0006, 0.0006, 0.0006, 0.0006, 0.0006, 0.0006, 0.0006, 0.0006, 0.0006, 0.0006, 0.0006, 0.0006, 0.0006, 0.0006, 0.0006, 0.0006, 0.0006, 0.0006, 0.0006, 0.0006, 0.0006, 0.0006, 0.0006, 0.0006, 0.0006, 0.0006, 0.0006, 0.0006, 0.0006, 0.0006, 0.0006, 0.0006, 0.0006, 
0.61, 0.00061, 0.00061, 0.00061, 0.00061, 0.00061, 0.00061, 0.00061, 0.00061, 0.00061, 0.00061, 0.00061, 0.00061, 0.00061, 0.00061, 0.00061, 0.00061, 0.00061, 0.00061, 0.00061, 0.00061, 0.00061, 0.00061, 0.00061, 0.00061, 0.00061, 0.00061, 0.00061, 0.00061, 0.00061, 0.00061, 0.00061, 0.00061, 0.00061, 0.00061, 0.00061, 0.00061, 0.00061, 0.00061, 0.00061, 0.00061, 0.00061, 0.00061, 0.00061, 0.00061, 0.00061, 0.00061, 0.00061, 0.00061, 0.00061, 0.00061, 0.00061, 0.00061, 0.00061, 0.00061, 0.00061, 0.00061, 0.00061, 0.00061, 0.00061, 0.00061, 0.00061, 0.00061, 0.00061, 0.00061, 0.00061, 0.00061, 0.00061, 0.00061, 0.00061, 0.00061, 0.00061, 0.00061, 0.00061, 0.00061, 0.00061, 0.00061, 0.00061, 0.00061, 0.00061, 0.00061, 0.00061, 0.00061, 0.00061, 0.00061, 0.00061, 0.00061, 0.00061, 0.00061, 0.00061, 0.00061, 0.00061, 0.00061, 0.00061, 0.00061, 0.00061, 0.00061, 0.00061, 0.00061, 0.00061, 0.00061, 
0.62, 0.00062, 0.00062, 0.00062, 0.00062, 0.00062, 0.00062, 0.00062, 0.00062, 0.00062, 0.00062, 0.00062, 0.00062, 0.00062, 0.00062, 0.00062, 0.00062, 0.00062, 0.00062, 0.00062, 0.00062, 0.00062, 0.00062, 0.00062, 0.00062, 0.00062, 0.00062, 0.00062, 0.00062, 0.00062, 0.00062, 0.00062, 0.00062, 0.00062, 0.00062, 0.00062, 0.00062, 0.00062, 0.00062, 0.00062, 0.00062, 0.00062, 0.00062, 0.00062, 0.00062, 0.00062, 0.00062, 0.00062, 0.00062, 0.00062, 0.00062, 0.00062, 0.00062, 0.00062, 0.00062, 0.00062, 0.00062, 0.00062, 0.00062, 0.00062, 0.00062, 0.00062, 0.00062, 0.00062, 0.00062, 0.00062, 0.00062, 0.00062, 0.00062, 0.00062, 0.00062, 0.00062, 0.00062, 0.00062, 0.00062, 0.00062, 0.00062, 0.00062, 0.00062, 0.00062, 0.00062, 0.00062, 0.00062, 0.00062, 0.00062, 0.00062, 0.00062, 0.00062, 0.00062, 0.00062, 0.00062, 0.00062, 0.00062, 0.00062, 0.00062, 0.00062, 0.00062, 0.00062, 0.00062, 0.00062, 0.00062, 
0.63, 0.00063, 0.00063, 0.00063, 0.00063, 0.00063, 0.00063, 0.00063, 0.00063, 0.00063, 0.00063, 0.00063, 0.00063, 0.00063, 0.00063, 0.00063, 0.00063, 0.00063, 0.00063, 0.00063, 0.00063, 0.00063, 0.00063, 0.00063, 0.00063, 0.00063, 0.00063, 0.00063, 0.00063, 0.00063, 0.00063, 0.00063, 0.00063, 0.00063, 0.00063, 0.00063, 0.00063, 0.00063, 0.00063, 0.00063, 0.00063, 0.00063, 0.00063, 0.00063, 0.00063, 0.00063, 0.00063, 0.00063, 0.00063, 0.00063, 0.00063, 0.00063, 0.00063, 0.00063, 0.00063, 0.00063, 0.00063, 0.00063, 0.00063, 0.00063, 0.00063, 0.00063, 0.00063, 0.00063, 0.00063, 0.00063, 0.00063, 0.00063, 0.00063, 0.00063, 0.00063, 0.00063, 0.00063, 0.00063, 0.00063, 0.00063, 0.00063, 0.00063, 0.00063, 0.00063, 0.00063, 0.00063, 0.00063, 0.00063, 0.00063, 0.00063, 0.00063, 0.00063, 0.00063, 0.00063, 0.00063, 0.00063, 0.00063, 0.00063, 0.00063, 0.00063, 0.00063, 0.00063, 0.00063, 0.00063, 0.00063, 
0.64, 0.00064, 0.00064, 0.00064, 0.00064, 0.00064, 0.00064, 0.00064, 0.00064, 0.00064, 0.00064, 0.00064, 0.00064, 0.00064, 0.00064, 0.00064, 0.00064, 0.00064, 0.00064, 0.00064, 0.00064, 0.00064, 0.00064, 0.00064, 0.00064, 0.00064, 0.00064, 0.00064, 0.00064, 0.00064, 0.00064, 0.00064, 0.00064, 0.00064, 0.00064, 0.00064, 0.00064, 0.00064, 0.00064, 0.00064, 0.00064, 0.00064, 0.00064, 0.00064, 0.00064, 0.00064, 0.00064, 0.00064, 0.00064, 0.00064, 0.00064, 0.00064, 0.00064, 0.00064, 0.00064, 0.00064, 0.00064, 0.00064, 0.00064, 0.00064, 0.00064, 0.00064, 0.00064, 0.00064, 0.00064, 0.00064, 0.00064, 0.00064, 0.00064, 0.00064, 0.00064, 0.00064, 0.00064, 0.00064, 0.00064, 0.00064, 0.00064, 0.00064, 0.00064, 0.00064, 0.00064, 0.00064, 0.00064, 0.00064, 0.00064, 0.00064, 0.00064, 0.00064, 0.00064, 0.00064, 0.00064, 0.00064, 0.00064, 0.00064, 0.00064, 0.00064, 0.00064, 0.00064, 0.00064, 0.00064, 0.00064, 
0.65, 0.00065, 0.00065, 0.00065, 0.00065, 0.00065, 0.00065, 0.00065, 0.00065, 0.00065, 0.00065, 0.00065, 0.00065, 0.00065, 0.00065, 0.00065, 0.00065, 0.00065, 0.00065, 0.00065, 0.00065, 0.00065, 0.00065, 0.00065, 0.00065, 0.00065, 0.00065, 0.00065, 0.00065, 0.00065, 0.00065, 0.00065, 0.00065, 0.00065, 0.00065, 0.00065, 0.00065, 0.00065, 0.00065, 0.00065, 0.00065, 0.00065, 0.00065, 0.00065, 0.00065, 0.00065, 0.00065, 0.00065, 0.00065, 0.00065, 0.00065, 0.00065, 0.00065, 0.00065, 0.00065, 0.00065, 0.00065, 0.00065, 0.00065, 0.00065, 0.00065, 0.00065, 0.00065, 0.00065, 0.00065, 0.00065, 0.00065, 0.00065, 0.00065, 0.00065, 0.00065, 0.00065, 0.00065, 0.00065, 0.00065, 0.00065, 0.00065, 0.00065, 0.00065, 0.00065, 0.00065, 0.00065, 0.00065, 0.00065, 0.00065, 0.00065, 0.00065, 0.00065, 0.00065, 0.00065, 0.00065, 0.00065, 0.00065, 0.00065, 0.00065, 0.00065, 0.00065, 0.00065, 0.00065, 0.00065, 0.00065, 
0.66, 0.00066, 0.00066, 0.00066, 0.00066, 0.00066, 0.00066, 0.00066, 0.00066, 0.00066, 0.00066, 0.00066, 0.00066, 0.00066, 0.00066, 0.00066, 0.00066, 0.00066, 0.00066, 0.00066, 0.00066, 0.00066, 0.00066, 0.00066, 0.00066, 0.00066, 0.00066, 0.00066, 0.00066, 0.00066, 0.00066, 0.00066, 0.00066, 0.00066, 0.00066, 0.00066, 0.00066, 0.00066, 0.00066, 0.00066, 0.00066, 0.00066, 0.00066, 0.00066, 0.00066, 0.00066, 0.00066, 0.00066, 0.00066, 0.00066, 0.00066, 0.00066, 0.00066, 0.00066, 0.00066, 0.00066, 0.00066, 0.00066, 0.00066, 0.00066, 0.00066, 0.00066, 0.00066, 0.00066, 0.00066, 0.00066, 0.00066, 0.00066, 0.00066, 0.00066, 0.00066, 0.00066, 0.00066, 0.00066, 0.00066, 0.00066, 0.00066, 0.00066, 0.00066, 0.00066, 0.00066, 0.00066, 0.00066, 0.00066, 0.00066, 0.00066, 0.00066, 0.00066, 0.00066, 0.00066, 0.00066, 0.00066, 0.00066, 0.00066, 0.00066, 0.00066, 0.00066, 0.00066, 0.00066, 0.00066, 0.00066, 
0.67, 0.00067, 0.00067, 0.00067, 0.00067, 0.00067, 0.00067, 0.00067, 0.00067, 0.00067, 0.00067, 0.00067, 0.00067, 0.00067, 0.00067, 0.00067, 0.00067, 0.00067, 0.00067, 0.00067, 0.00067, 0.00067, 0.00067, 0.00067, 0.00067, 0.00067, 0.00067, 0.00067, 0.00067, 0.00067, 0.00067, 0.00067, 0.00067, 0.00067, 0.00067, 0.00067, 0.00067, 0.00067, 0.00067, 0.00067, 0.00067, 0.00067, 0.00067, 0.00067, 0.00067, 0.00067, 0.00067, 0.00067, 0.00067, 0.00067, 0.00067, 0.00067, 0.00067, 0.00067, 0.00067, 0.00067, 0.00067, 0.00067, 0.00067, 0.00067, 0.00067, 0.00067, 0.00067, 0.00067, 0.00067, 0.00067, 0.00067, 0.00067, 0.00067, 0.00067, 0.00067, 0.00067, 0.00067, 0.00067, 0.00067, 0.00067, 0.00067, 0.00067, 0.00067, 0.00067, 0.00067, 0.00067, 0.00067, 0.00067, 0.00067, 0.00067, 0.00067, 0.00067, 0.00067, 0.00067, 0.00067, 0.00067, 0.00067, 0.00067, 0.00067, 0.00067, 0.00067, 0.00067, 0.00067, 0.00067, 0.00067, 
0.68, 0.00068, 0.00068, 0.00068, 0.00068, 0.00068, 0.00068, 0.00068, 0.00068, 0.00068, 0.00068, 0.00068, 0.00068, 0.00068, 0.00068, 0.00068, 0.00068, 0.00068, 0.00068, 0.00068, 0.00068, 0.00068, 0.00068, 0.00068, 0.00068, 0.00068, 0.00068, 0.00068, 0.00068, 0.00068, 0.00068, 0.00068, 0.00068, 0.00068, 0.00068, 0.00068, 0.00068, 0.00068, 0.00068, 0.00068, 0.00068, 0.00068, 0.00068, 0.00068, 0.00068, 0.00068, 0.00068, 0.00068, 0.00068, 0.00068, 0.00068, 0.00068, 0.00068, 0.00068, 0.00068, 0.00068, 0.00068, 0.00068, 0.00068, 0.00068, 0.00068, 0.00068, 0.00068, 0.00068, 0.00068, 0.00068, 0.00068, 0.00068, 0.00068, 0.00068, 0.00068, 0.00068, 0.00068, 0.00068, 0.00068, 0.00068, 0.00068, 0.00068, 0.00068, 0.00068, 0.00068, 0.00068, 0.00068, 0.00068, 0.00068, 0.00068, 0.00068, 0.00068, 0.00068, 0.00068, 0.00068, 0.00068, 0.00068, 0.00068, 0.00068, 0.00068, 0.00068, 0.00068, 0.00068, 0.00068, 0.00068, 
0.69, 0.00069, 0.00069, 0.00069, 0.00069, 0.00069, 0.00069, 0.00069, 0.00069, 0.00069, 0.00069, 0.00069, 0.00069, 0.00069, 0.00069, 0.00069, 0.00069, 0.00069, 0.00069, 0.00069, 0.00069, 0.00069, 0.00069, 0.00069, 0.00069, 0.00069, 0.00069, 0.00069, 0.00069, 0.00069, 0.00069, 0.00069, 0.00069, 0.00069, 0.00069, 0.00069, 0.00069, 0.00069, 0.00069, 0.00069, 0.00069, 0.00069, 0.00069, 0.00069, 0.00069, 0.00069, 0.00069, 0.00069, 0.00069, 0.00069, 0.00069, 0.00069, 0.00069, 0.00069, 0.00069, 0.00069, 0.00069, 0.00069, 0.00069, 0.00069, 0.00069, 0.00069, 0.00069, 0.00069, 0.00069, 0.00069, 0.00069, 0.00069, 0.00069, 0.00069, 0.00069, 0.00069, 0.00069, 0.00069, 0.00069, 0.00069, 0.00069, 0.00069, 0.00069, 0.00069, 0.00069, 0.00069, 0.00069, 0.00069, 0.00069, 0.00069, 0.00069, 0.00069, 0.00069, 0.00069, 0.00069, 0.00069, 0.00069, 0.00069, 0.00069, 0.00069, 0.00069, 0.00069, 0.00069, 0.00069, 0.00069, 
0.7, 0.0007, 0.0007, 0.0007, 0.0007, 0.0007, 0.0007, 0.0007, 0.0007, 0.0007, 0.0007, 0.0007, 0.0007, 0.0007, 0.0007, 0.0007, 0.0007, 0.0007, 0.0007, 0.0007, 0.0007, 0.0007, 0.0007, 0.0007, 0.0007, 0.0007, 0.0007, 0.0007, 0.0007, 0.0007, 0.0007, 0.0007, 0.0007, 0.0007, 0.0007, 0.0007, 0.0007, 0.0007, 0.0007, 0.0007, 0.0007, 0.0007, 0.0007, 0.0007, 0.0007, 0.0007, 0.0007, 0.0007, 0.0007, 0.0007, 0.0007, 0.0007, 0.0007, 0.0007, 0.0007, 0.0007, 0.0007, 0.0007, 0.0007, 0.0007, 0.0007, 0.0007, 0.0007, 0.0007, 0.0007, 0.0007, 0.0007, 0.0007, 0.0007, 0.0007, 0.0007, 0.0007, 0.0007, 0.0007, 0.0007, 0.0007, 0.0007, 0.0007, 0.0007, 0.0007, 0.0007, 0.0007, 0.0007, 0.0007, 0.0007, 0.0007, 0.0007, 0.0007, 0.0007, 0.0007, 0.0007, 0.0007, 0.0007, 0.0007, 0.0007, 0.0007, 0.0007, 0.0007, 0.0007, 0.0007, 0.0007, 
0.71, 0.00071, 0.00071, 0.00071, 0.00071, 0.00071, 0.00071, 0.00071, 0.00071, 0.00071, 0.00071, 0.00071, 0.00071, 0.00071, 0.00071, 0.00071, 0.00071, 0.00071, 0.00071, 0.00071, 0.00071, 0.00071, 0.00071, 0.00071, 0.00071, 0.00071, 0.00071, 0.00071, 0.00071, 0.00071, 0.00071, 0.00071, 0.00071, 0.00071, 0.00071, 0.00071, 0.00071, 0.00071, 0.00071, 0.00071, 0.00071, 0.00071, 0.00071, 0.00071, 0.00071, 0.00071, 0.00071, 0.00071, 0.00071, 0.00071, 0.00071, 0.00071, 0.00071, 0.00071, 0.00071, 0.00071, 0.00071, 0.00071, 0.00071, 0.00071, 0.00071, 0.00071, 0.00071, 0.00071, 0.00071, 0.00071, 0.00071, 0.00071, 0.00071, 0.00071, 0.00071, 0.00071, 0.00071, 0.00071, 0.00071, 0.00071, 0.00071, 0.00071, 0.00071, 0.00071, 0.00071, 0.00071, 0.00071, 0.00071, 0.00071, 0.00071, 0.00071, 0.00071, 0.00071, 0.00071, 0.00071, 0.00071, 0.00071, 0.00071, 0.00071, 0.00071, 0.00071, 0.00071, 0.00071, 0.00071, 0.00071, 
0.72, 0.00072, 0.00072, 0.00072, 0.00072, 0.00072, 0.00072, 0.00072, 0.00072, 0.00072, 0.00072, 0.00072, 0.00072, 0.00072, 0.00072, 0.00072, 0.00072, 0.00072, 0.00072, 0.00072, 0.00072, 0.00072, 0.00072, 0.00072, 0.00072, 0.00072, 0.00072, 0.00072, 0.00072, 0.00072, 0.00072, 0.00072, 0.00072, 0.00072, 0.00072, 0.00072, 0.00072, 0.00072, 0.00072, 0.00072, 0.00072, 0.00072, 0.00072, 0.00072, 0.00072, 0.00072, 0.00072, 0.00072, 0.00072, 0.00072, 0.00072, 0.00072, 0.00072, 0.00072, 0.00072, 0.00072, 0.00072, 0.00072, 0.00072, 0.00072, 0.00072, 0.00072, 0.00072, 0.00072, 0.00072, 0.00072, 0.00072, 0.00072, 0.00072, 0.00072, 0.00072, 0.00072, 0.00072, 0.00072, 0.00072, 0.00072, 0.00072, 0.00072, 0.00072, 0.00072, 0.00072, 0.00072, 0.00072, 0.00072, 0.00072, 0.00072, 0.00072, 0.00072, 0.00072, 0.00072, 0.00072, 0.00072, 0.00072, 0.00072, 0.00072, 0.00072, 0.00072, 0.00072, 0.00072, 0.00072, 0.00072, 
0.73, 0.00073, 0.00073, 0.00073, 0.00073, 0.00073, 0.00073, 0.00073, 0.00073, 0.00073, 0.00073, 0.00073, 0.00073, 0.00073, 0.00073, 0.00073, 0.00073, 0.00073, 0.00073, 0.00073, 0.00073, 0.00073, 0.00073, 0.00073, 0.00073, 0.00073, 0.00073, 0.00073, 0.00073, 0.00073, 0.00073, 0.00073, 0.00073, 0.00073, 0.00073, 0.00073, 0.00073, 0.00073, 0.00073, 0.00073, 0.00073, 0.00073, 0.00073, 0.00073, 0.00073, 0.00073, 0.00073, 0.00073, 0.00073, 0.00073, 0.00073, 0.00073, 0.00073, 0.00073, 0.00073, 0.00073, 0.00073, 0.00073, 0.00073, 0.00073, 0.00073, 0.00073, 0.00073, 0.00073, 0.00073, 0.00073, 0.00073, 0.00073, 0.00073, 0.00073, 0.00073, 0.00073, 0.00073, 0.00073, 0.00073, 0.00073, 0.00073, 0.00073, 0.00073, 0.00073, 0.00073, 0.00073, 0.00073, 0.00073, 0.00073, 0.00073, 0.00073, 0.00073, 0.00073, 0.00073, 0.00073, 0.00073, 0.00073, 0.00073, 0.00073, 0.00073, 0.00073, 0.00073, 0.00073, 0.00073, 0.00073, 
0.74, 0.00074, 0.00074, 0.00074, 0.00074, 0.00074, 0.00074, 0.00074, 0.00074, 0.00074, 0.00074, 0.00074, 0.00074, 0.00074, 0.00074, 0.00074, 0.00074, 0.00074, 0.00074, 0.00074, 0.00074, 0.00074, 0.00074, 0.00074, 0.00074, 0.00074, 0.00074, 0.00074, 0.00074, 0.00074, 0.00074, 0.00074, 0.00074, 0.00074, 0.00074, 0.00074, 0.00074, 0.00074, 0.00074, 0.00074, 0.00074, 0.00074, 0.00074, 0.00074, 0.00074, 0.00074, 0.00074, 0.00074, 0.00074, 0.00074, 0.00074, 0.00074, 0.00074, 0.00074, 0.00074, 0.00074, 0.00074, 0.00074, 0.00074, 0.00074, 0.00074, 0.00074, 0.00074, 0.00074, 0.00074, 0.00074, 0.00074, 0.00074, 0.00074, 0.00074, 0.00074, 0.00074, 0.00074, 0.00074, 0.00074, 0.00074, 0.00074, 0.00074, 0.00074, 0.00074, 0.00074, 0.00074, 0.00074, 0.00074, 0.00074, 0.00074, 0.00074, 0.00074, 0.00074, 0.00074, 0.00074, 0.00074, 0.00074, 0.00074, 0.00074, 0.00074, 0.00074, 0.00074, 0.00074, 0.00074, 0.00074, 
0.75, 0.00075, 0.00075, 0.00075, 0.00075, 0.00075, 0.00075, 0.00075, 0.00075, 0.00075, 0.00075, 0.00075, 0.00075, 0.00075, 0.00075, 0.00075, 0.00075, 0.00075, 0.00075, 0.00075, 0.00075, 0.00075, 0.00075, 0.00075, 0.00075, 0.00075, 0.00075, 0.00075, 0.00075, 0.00075, 0.00075, 0.00075, 0.00075, 0.00075, 0.00075, 0.00075, 0.00075, 0.00075, 0.00075, 0.00075, 0.00075, 0.00075, 0.00075, 0.00075, 0.00075, 0.00075, 0.00075, 0.00075, 0.00075, 0.00075, 0.00075, 0.00075, 0.00075, 0.00075, 0.00075, 0.00075, 0.00075, 0.00075, 0.00075, 0.00075, 0.00075, 0.00075, 0.00075, 0.00075, 0.00075, 0.00075, 0.00075, 0.00075, 0.00075, 0.00075, 0.00075, 0.00075, 0.00075, 0.00075, 0.00075, 0.00075, 0.00075, 0.00075, 0.00075, 0.00075, 0.00075, 0.00075, 0.00075, 0.00075, 0.00075, 0.00075, 0.00075, 0.00075, 0.00075, 0.00075, 0.00075, 0.00075, 0.00075, 0.00075, 0.00075, 0.00075, 0.00075, 0.00075, 0.00075, 0.00075, 0.00075, 
0.76, 0.00076, 0.00076, 0.00076, 0.00076, 0.00076, 0.00076, 0.00076, 0.00076, 0.00076, 0.00076, 0.00076, 0.00076, 0.00076, 0.00076, 0.00076, 0.00076, 0.00076, 0.00076, 0.00076, 0.00076, 0.00076, 0.00076, 0.00076, 0.00076, 0.00076, 0.00076, 0.00076, 0.00076, 0.00076, 0.00076, 0.00076, 0.00076, 0.00076, 0.00076, 0.00076, 0.00076, 0.00076, 0.00076, 0.00076, 0.00076, 0.00076, 0.00076, 0.00076, 0.00076, 0.00076, 0.00076, 0.00076, 0.00076, 0.00076, 0.00076, 0.00076, 0.00076, 0.00076, 0.00076, 0.00076, 0.00076, 0.00076, 0.00076, 0.00076, 0.00076, 0.00076, 0.00076, 0.00076, 0.00076, 0.00076, 0.00076, 0.00076, 0.00076, 0.00076, 0.00076, 0.00076, 0.00076, 0.00076, 0.00076, 0.00076, 0.00076, 0.00076, 0.00076, 0.00076, 0.00076, 0.00076, 0.00076, 0.00076, 0.00076, 0.00076, 0.00076, 0.00076, 0.00076, 0.00076, 0.00076, 0.00076, 0.00076, 0.00076, 0.00076, 0.00076, 0.00076, 0.00076, 0.00076, 0.00076, 0.00076, 
0.77, 0.00077, 0.00077, 0.00077, 0.00077, 0.00077, 0.00077, 0.00077, 0.00077, 0.00077, 0.00077, 0.00077, 0.00077, 0.00077, 0.00077, 0.00077, 0.00077, 0.00077, 0.00077, 0.00077, 0.00077, 0.00077, 0.00077, 0.00077, 0.00077, 0.00077, 0.00077, 0.00077, 0.00077, 0.00077, 0.00077, 0.00077, 0.00077, 0.00077, 0.00077, 0.00077, 0.00077, 0.00077, 0.00077, 0.00077, 0.00077, 0.00077, 0.00077, 0.00077, 0.00077, 0.00077, 0.00077, 0.00077, 0.00077, 0.00077, 0.00077, 0.00077, 0.00077, 0.00077, 0.00077, 0.00077, 0.00077, 0.00077, 0.00077, 0.00077, 0.00077, 0.00077, 0.00077, 0.00077, 0.00077, 0.00077, 0.00077, 0.00077, 0.00077, 0.00077, 0.00077, 0.00077, 0.00077, 0.00077, 0.00077, 0.00077, 0.00077, 0.00077, 0.00077, 0.00077, 0.00077, 0.00077, 0.00077, 0.00077, 0.00077, 0.00077, 0.00077, 0.00077, 0.00077, 0.00077, 0.00077, 0.00077, 0.00077, 0.00077, 0.00077, 0.00077, 0.00077, 0.00077, 0.00077, 0.00077, 0.00077, 
0.78, 0.00078, 0.00078, 0.00078, 0.00078, 0.00078, 0.00078, 0.00078, 0.00078, 0.00078, 0.00078, 0.00078, 0.00078, 0.00078, 0.00078, 0.00078, 0.00078, 0.00078, 0.00078, 0.00078, 0.00078, 0.00078, 0.00078, 0.00078, 0.00078, 0.00078, 0.00078, 0.00078, 0.00078, 0.00078, 0.00078, 0.00078, 0.00078, 0.00078, 0.00078, 0.00078, 0.00078, 0.00078, 0.00078, 0.00078, 0.00078, 0.00078, 0.00078, 0.00078, 0.00078, 0.00078, 0.00078, 0.00078, 0.00078, 0.00078, 0.00078, 0.00078, 0.00078, 0.00078, 0.00078, 0.00078, 0.00078, 0.00078, 0.00078, 0.00078, 0.00078, 0.00078, 0.00078, 0.00078, 0.00078, 0.00078, 0.00078, 0.00078, 0.00078, 0.00078, 0.00078, 0.00078, 0.00078, 0.00078, 0.00078, 0.00078, 0.00078, 0.00078, 0.00078, 0.00078, 0.00078, 0.00078, 0.00078, 0.00078, 0.00078, 0.00078, 0.00078, 0.00078, 0.00078, 0.00078, 0.00078, 0.00078, 0.00078, 0.00078, 0.00078, 0.00078, 0.00078, 0.00078, 0.00078, 0.00078, 0.00078, 
0.79, 0.00079, 0.00079, 0.00079, 0.00079, 0.00079, 0.00079, 0.00079, 0.00079, 0.00079, 0.00079, 0.00079, 0.00079, 0.00079, 0.00079, 0.00079, 0.00079, 0.00079, 0.00079, 0.00079, 0.00079, 0.00079, 0.00079, 0.00079, 0.00079, 0.00079, 0.00079, 0.00079, 0.00079, 0.00079, 0.00079, 0.00079, 0.00079, 0.00079, 0.00079, 0.00079, 0.00079, 0.00079, 0.00079, 0.00079, 0.00079, 0.00079, 0.00079, 0.00079, 0.00079, 0.00079, 0.00079, 0.00079, 0.00079, 0.00079, 0.00079, 0.00079, 0.00079, 0.00079, 0.00079, 0.00079, 0.00079, 0.00079, 0.00079, 0.00079, 0.00079, 0.00079, 0.00079, 0.00079, 0.00079, 0.00079, 0.00079, 0.00079, 0.00079, 0.00079, 0.00079, 0.00079, 0.00079, 0.00079, 0.00079, 0.00079, 0.00079, 0.00079, 0.00079, 0.00079, 0.00079, 0.00079, 0.00079, 0.00079, 0.00079, 0.00079, 0.00079, 0.00079, 0.00079, 0.00079, 0.00079, 0.00079, 0.00079, 0.00079, 0.00079, 0.00079, 0.00079, 0.00079, 0.00079, 0.00079, 0.00079, 
0.8, 0.0008, 0.0008, 0.0008, 0.0008, 0.0008, 0.0008, 0.0008, 0.0008, 0.0008, 0.0008, 0.0008, 0.0008, 0.0008, 0.0008, 0.0008, 0.0008, 0.0008, 0.0008, 0.0008, 0.0008, 0.0008, 0.0008, 0.0008, 0.0008, 0.0008, 0.0008, 0.0008, 0.0008, 0.0008, 0.0008, 0.0008, 0.0008, 0.0008, 0.0008, 0.0008, 0.0008, 0.0008, 0.0008, 0.0008, 0.0008, 0.0008, 0.0008, 0.0008, 0.0008, 0.0008, 0.0008, 0.0008, 0.0008, 0.0008, 0.0008, 0.0008, 0.0008, 0.0008, 0.0008, 0.0008, 0.0008, 0.0008, 0.0008, 0.0008, 0.0008, 0.0008, 0.0008, 0.0008, 0.0008, 0.0008, 0.0008, 0.0008, 0.0008, 0.0008, 0.0008, 0.0008, 0.0008, 0.0008, 0.0008, 0.0008, 0.0008, 0.0008, 0.0008, 0.0008, 0.0008, 0.0008, 0.0008, 0.0008, 0.0008, 0.0008, 0.0008, 0.0008, 0.0008, 0.0008, 0.0008, 0.0008, 0.0008, 0.0008, 0.0008, 0.0008, 0.0008, 0.0008, 0.0008, 0.0008, 0.0008, 
0.81, 0.00081, 0.00081, 0.00081, 0.00081, 0.00081, 0.00081, 0.00081, 0.00081, 0.00081, 0.00081, 0.00081, 0.00081, 0.00081, 0.00081, 0.00081, 0.00081, 0.00081, 0.00081, 0.00081, 0.00081, 0.00081, 0.00081, 0.00081, 0.00081, 0.00081, 0.00081, 0.00081, 0.00081, 0.00081, 0.00081, 0.00081, 0.00081, 0.00081, 0.00081, 0.00081, 0.00081, 0.00081, 0.00081, 0.00081, 0.00081, 0.00081, 0.00081, 0.00081, 0.00081, 0.00081, 0.00081, 0.00081, 0.00081, 0.00081, 0.00081, 0.00081, 0.00081, 0.00081, 0.00081, 0.00081, 0.00081, 0.00081, 0.00081, 0.00081, 0.00081, 0.00081, 0.00081, 0.00081, 0.00081, 0.00081, 0.00081, 0.00081, 0.00081, 0.00081, 0.00081, 0.00081, 0.00081, 0.00081, 0.00081, 0.00081, 0.00081, 0.00081, 0.00081, 0.00081, 0.00081, 0.00081, 0.00081, 0.00081, 0.00081, 0.00081, 0.00081, 0.00081, 0.00081, 0.00081, 0.00081, 0.00081, 0.00081, 0.00081, 0.00081, 0.00081, 0.00081, 0.00081, 0.00081, 0.00081, 0.00081, 
0.82, 0.00082, 0.00082, 0.00082, 0.00082, 0.00082, 0.00082, 0.00082, 0.00082, 0.00082, 0.00082, 0.00082, 0.00082, 0.00082, 0.00082, 0.00082, 0.00082, 0.00082, 0.00082, 0.00082, 0.00082, 0.00082, 0.00082, 0.00082, 0.00082, 0.00082, 0.00082, 0.00082, 0.00082, 0.00082, 0.00082, 0.00082, 0.00082, 0.00082, 0.00082, 0.00082, 0.00082, 0.00082, 0.00082, 0.00082, 0.00082, 0.00082, 0.00082, 0.00082, 0.00082, 0.00082, 0.00082, 0.00082, 0.00082, 0.00082, 0.00082, 0.00082, 0.00082, 0.00082, 0.00082, 0.00082, 0.00082, 0.00082, 0.00082, 0.00082, 0.00082, 0.00082, 0.00082, 0.00082, 0.00082, 0.00082, 0.00082, 0.00082, 0.00082, 0.00082, 0.00082, 0.00082, 0.00082, 0.00082, 0.00082, 0.00082, 0.00082, 0.00082, 0.00082, 0.00082, 0.00082, 0.00082, 0.00082, 0.00082, 0.00082, 0.00082, 0.00082, 0.00082, 0.00082, 0.00082, 0.00082, 0.00082, 0.00082, 0.00082, 0.00082, 0.00082, 0.00082, 0.00082, 0.00082, 0.00082, 0.00082, 
0.83, 0.00083, 0.00083, 0.00083, 0.00083, 0.00083, 0.00083, 0.00083, 0.00083, 0.00083, 0.00083, 0.00083, 0.00083, 0.00083, 0.00083, 0.00083, 0.00083, 0.00083, 0.00083, 0.00083, 0.00083, 0.00083, 0.00083, 0.00083, 0.00083, 0.00083, 0.00083, 0.00083, 0.00083, 0.00083, 0.00083, 0.00083, 0.00083, 0.00083, 0.00083, 0.00083, 0.00083, 0.00083, 0.00083, 0.00083, 0.00083, 0.00083, 0.00083, 0.00083, 0.00083, 0.00083, 0.00083, 0.00083, 0.00083, 0.00083, 0.00083, 0.00083, 0.00083, 0.00083, 0.00083, 0.00083, 0.00083, 0.00083, 0.00083, 0.00083, 0.00083, 0.00083, 0.00083, 0.00083, 0.00083, 0.00083, 0.00083, 0.00083, 0.00083, 0.00083, 0.00083, 0.00083, 0.00083, 0.00083, 0.00083, 0.00083, 0.00083, 0.00083, 0.00083, 0.00083, 0.00083, 0.00083, 0.00083, 0.00083, 0.00083, 0.00083, 0.00083, 0.00083, 0.00083, 0.00083, 0.00083, 0.00083, 0.00083, 0.00083, 0.00083, 0.00083, 0.00083, 0.00083, 0.00083, 0.00083, 0.00083, 
0.84, 0.00084, 0.00084, 0.00084, 0.00084, 0.00084, 0.00084, 0.00084, 0.00084, 0.00084, 0.00084, 0.00084, 0.00084, 0.00084, 0.00084, 0.00084, 0.00084, 0.00084, 0.00084, 0.00084, 0.00084, 0.00084, 0.00084, 0.00084, 0.00084, 0.00084, 0.00084, 0.00084, 0.00084, 0.00084, 0.00084, 0.00084, 0.00084, 0.00084, 0.00084, 0.00084, 0.00084, 0.00084, 0.00084, 0.00084, 0.00084, 0.00084, 0.00084, 0.00084, 0.00084, 0.00084, 0.00084, 0.00084, 0.00084, 0.00084, 0.00084, 0.00084, 0.00084, 0.00084, 0.00084, 0.00084, 0.00084, 0.00084, 0.00084, 0.00084, 0.00084, 0.00084, 0.00084, 0.00084, 0.00084, 0.00084, 0.00084, 0.00084, 0.00084, 0.00084, 0.00084, 0.00084, 0.00084, 0.00084, 0.00084, 0.00084, 0.00084, 0.00084, 0.00084, 0.00084, 0.00084, 0.00084, 0.00084, 0.00084, 0.00084, 0.00084, 0.00084, 0.00084, 0.00084, 0.00084, 0.00084, 0.00084, 0.00084, 0.00084, 0.00084, 0.00084, 0.00084, 0.00084, 0.00084, 0.00084, 0.00084, 
0.85, 0.00085, 0.00085, 0.00085, 0.00085, 0.00085, 0.00085, 0.00085, 0.00085, 0.00085, 0.00085, 0.00085, 0.00085, 0.00085, 0.00085, 0.00085, 0.00085, 0.00085, 0.00085, 0.00085, 0.00085, 0.00085, 0.00085, 0.00085, 0.00085, 0.00085, 0.00085, 0.00085, 0.00085, 0.00085, 0.00085, 0.00085, 0.00085, 0.00085, 0.00085, 0.00085, 0.00085, 0.00085, 0.00085, 0.00085, 0.00085, 0.00085, 0.00085, 0.00085, 0.00085, 0.00085, 0.00085, 0.00085, 0.00085, 0.00085, 0.00085, 0.00085, 0.00085, 0.00085, 0.00085, 0.00085, 0.00085, 0.00085, 0.00085, 0.00085, 0.00085, 0.00085, 0.00085, 0.00085, 0.00085, 0.00085, 0.00085, 0.00085, 0.00085, 0.00085, 0.00085, 0.00085, 0.00085, 0.00085, 0.00085, 0.00085, 0.00085, 0.00085, 0.00085, 0.00085, 0.00085, 0.00085, 0.00085, 0.00085, 0.00085, 0.00085, 0.00085, 0.00085, 0.00085, 0.00085, 0.00085, 0.00085, 0.00085, 0.00085, 0.00085, 0.00085, 0.00085, 0.00085, 0.00085, 0.00085, 0.00085, 
0.86, 0.00086, 0.00086, 0.00086, 0.00086, 0.00086, 0.00086, 0.00086, 0.00086, 0.00086, 0.00086, 0.00086, 0.00086, 0.00086, 0.00086, 0.00086, 0.00086, 0.00086, 0.00086, 0.00086, 0.00086, 0.00086, 0.00086, 0.00086, 0.00086, 0.00086, 0.00086, 0.00086, 0.00086, 0.00086, 0.00086, 0.00086, 0.00086, 0.00086, 0.00086, 0.00086, 0.00086, 0.00086, 0.00086, 0.00086, 0.00086, 0.00086, 0.00086, 0.00086, 0.00086, 0.00086, 0.00086, 0.00086, 0.00086, 0.00086, 0.00086, 0.00086, 0.00086, 0.00086, 0.00086, 0.00086, 0.00086, 0.00086, 0.00086, 0.00086, 0.00086, 0.00086, 0.00086, 0.00086, 0.00086, 0.00086, 0.00086, 0.00086, 0.00086, 0.00086, 0.00086, 0.00086, 0.00086, 0.00086, 0.00086, 0.00086, 0.00086, 0.00086, 0.00086, 0.00086, 0.00086, 0.00086, 0.00086, 0.00086, 0.00086, 0.00086, 0.00086, 0.00086, 0.00086, 0.00086, 0.00086, 0.00086, 0.00086, 0.00086, 0.00086, 0.00086, 0.00086, 0.00086, 0.00086, 0.00086, 0.00086, 
0.87, 0.00087, 0.00087, 0.00087, 0.00087, 0.00087, 0.00087, 0.00087, 0.00087, 0.00087, 0.00087, 0.00087, 0.00087, 0.00087, 0.00087, 0.00087, 0.00087, 0.00087, 0.00087, 0.00087, 0.00087, 0.00087, 0.00087, 0.00087, 0.00087, 0.00087, 0.00087, 0.00087, 0.00087, 0.00087, 0.00087, 0.00087, 0.00087, 0.00087, 0.00087, 0.00087, 0.00087, 0.00087, 0.00087, 0.00087, 0.00087, 0.00087, 0.00087, 0.00087, 0.00087, 0.00087, 0.00087, 0.00087, 0.00087, 0.00087, 0.00087, 0.00087, 0.00087, 0.00087, 0.00087, 0.00087, 0.00087, 0.00087, 0.00087, 0.00087, 0.00087, 0.00087, 0.00087, 0.00087, 0.00087, 0.00087, 0.00087, 0.00087, 0.00087, 0.00087, 0.00087, 0.00087, 0.00087, 0.00087, 0.00087, 0.00087, 0.00087, 0.00087, 0.00087, 0.00087, 0.00087, 0.00087, 0.00087, 0.00087, 0.00087, 0.00087, 0.00087, 0.00087, 0.00087, 0.00087, 0.00087, 0.00087, 0.00087, 0.00087, 0.00087, 0.00087, 0.00087, 0.00087, 0.00087, 0.00087, 0.00087, 
0.88, 0.00088, 0.00088, 0.00088, 0.00088, 0.00088, 0.00088, 0.00088, 0.00088, 0.00088, 0.00088, 0.00088, 0.00088, 0.00088, 0.00088, 0.00088, 0.00088, 0.00088, 0.00088, 0.00088, 0.00088, 0.00088, 0.00088, 0.00088, 0.00088, 0.00088, 0.00088, 0.00088, 0.00088, 0.00088, 0.00088, 0.00088, 0.00088, 0.00088, 0.00088, 0.00088, 0.00088, 0.00088, 0.00088, 0.00088, 0.00088, 0.00088, 0.00088, 0.00088, 0.00088, 0.00088, 0.00088, 0.00088, 0.00088, 0.00088, 0.00088, 0.00088, 0.00088, 0.00088, 0.00088, 0.00088, 0.00088, 0.00088, 0.00088, 0.00088, 0.00088, 0.00088, 0.00088, 0.00088, 0.00088, 0.00088, 0.00088, 0.00088, 0.00088, 0.00088, 0.00088, 0.00088, 0.00088, 0.00088, 0.00088, 0.00088, 0.00088, 0.00088, 0.00088, 0.00088, 0.00088, 0.00088, 0.00088, 0.00088, 0.00088, 0.00088, 0.00088, 0.00088, 0.00088, 0.00088, 0.00088, 0.00088, 0.00088, 0.00088, 0.00088, 0.00088, 0.00088, 0.00088, 0.00088, 0.00088, 0.00088, 
0.89, 0.00089, 0.00089, 0.00089, 0.00089, 0.00089, 0.00089, 0.00089, 0.00089, 0.00089, 0.00089, 0.00089, 0.00089, 0.00089, 0.00089, 0.00089, 0.00089, 0.00089, 0.00089, 0.00089, 0.00089, 0.00089, 0.00089, 0.00089, 0.00089, 0.00089, 0.00089, 0.00089, 0.00089, 0.00089, 0.00089, 0.00089, 0.00089, 0.00089, 0.00089, 0.00089, 0.00089, 0.00089, 0.00089, 0.00089, 0.00089, 0.00089, 0.00089, 0.00089, 0.00089, 0.00089, 0.00089, 0.00089, 0.00089, 0.00089, 0.00089, 0.00089, 0.00089, 0.00089, 0.00089, 0.00089, 0.00089, 0.00089, 0.00089, 0.00089, 0.00089, 0.00089, 0.00089, 0.00089, 0.00089, 0.00089, 0.00089, 0.00089, 0.00089, 0.00089, 0.00089, 0.00089, 0.00089, 0.00089, 0.00089, 0.00089, 0.00089, 0.00089, 0.00089, 0.00089, 0.00089, 0.00089, 0.00089, 0.00089, 0.00089, 0.00089, 0.00089, 0.00089, 0.00089, 0.00089, 0.00089, 0.00089, 0.00089, 0.00089, 0.00089, 0.00089, 0.00089, 0.00089, 0.00089, 0.00089, 0.00089, 
0.9, 0.0009, 0.0009, 0.0009, 0.0009, 0.0009, 0.0009, 0.0009, 0.0009, 0.0009, 0.0009, 0.0009, 0.0009, 0.0009, 0.0009, 0.0009, 0.0009, 0.0009, 0.0009, 0.0009, 0.0009, 0.0009, 0.0009, 0.0009, 0.0009, 0.0009, 0.0009, 0.0009, 0.0009, 0.0009, 0.0009, 0.0009, 0.0009, 0.0009, 0.0009, 0.0009, 0.0009, 0.0009, 0.0009, 0.0009, 0.0009, 0.0009, 0.0009, 0.0009, 0.0009, 0.0009, 0.0009, 0.0009, 0.0009, 0.0009, 0.0009, 0.0009, 0.0009, 0.0009, 0.0009, 0.0009, 0.0009, 0.0009, 0.0009, 0.0009, 0.0009, 0.0009, 0.0009, 0.0009, 0.0009, 0.0009, 0.0009, 0.0009, 0.0009, 0.0009, 0.0009, 0.0009, 0.0009, 0.0009, 0.0009, 0.0009, 0.0009, 0.0009, 0.0009, 0.0009, 0.0009, 0.0009, 0.0009, 0.0009, 0.0009, 0.0009, 0.0009, 0.0009, 0.0009, 0.0009, 0.0009, 0.0009, 0.0009, 0.0009, 0.0009, 0.0009, 0.0009, 0.0009, 0.0009, 0.0009, 0.0009, 
0.91, 0.00091, 0.00091, 0.00091, 0.00091, 0.00091, 0.00091, 0.00091, 0.00091, 0.00091, 0.00091, 0.00091, 0.00091, 0.00091, 0.00091, 0.00091, 0.00091, 0.00091, 0.00091, 0.00091, 0.00091, 0.00091, 0.00091, 0.00091, 0.00091, 0.00091, 0.00091, 0.00091, 0.00091, 0.00091, 0.00091, 0.00091, 0.00091, 0.00091, 0.00091, 0.00091, 0.00091, 0.00091, 0.00091, 0.00091, 0.00091, 0.00091, 0.00091, 0.00091, 0.00091, 0.00091, 0.00091, 0.00091, 0.00091, 0.00091, 0.00091, 0.00091, 0.00091, 0.00091, 0.00091, 0.00091, 0.00091, 0.00091, 0.00091, 0.00091, 0.00091, 0.00091, 0.00091, 0.00091, 0.00091, 0.00091, 0.00091, 0.00091, 0.00091, 0.00091, 0.00091, 0.00091, 0.00091, 0.00091, 0.00091, 0.00091, 0.00091, 0.00091, 0.00091, 0.00091, 0.00091, 0.00091, 0.00091, 0.00091, 0.00091, 0.00091, 0.00091, 0.00091, 0.00091, 0.00091, 0.00091, 0.00091, 0.00091, 0.00091, 0.00091, 0.00091, 0.00091, 0.00091, 0.00091, 0.00091, 0.00091, 
0.92, 0.00092, 0.00092, 0.00092, 0.00092, 0.00092, 0.00092, 0.00092, 0.00092, 0.00092, 0.00092, 0.00092, 0.00092, 0.00092, 0.00092, 0.00092, 0.00092, 0.00092, 0.00092, 0.00092, 0.00092, 0.00092, 0.00092, 0.00092, 0.00092, 0.00092, 0.00092, 0.00092, 0.00092, 0.00092, 0.00092, 0.00092, 0.00092, 0.00092, 0.00092, 0.00092, 0.00092, 0.00092, 0.00092, 0.00092, 0.00092, 0.00092, 0.00092, 0.00092, 0.00092, 0.00092, 0.00092, 0.00092, 0.00092, 0.00092, 0.00092, 0.00092, 0.00092, 0.00092, 0.00092, 0.00092, 0.00092, 0.00092, 0.00092, 0.00092, 0.00092, 0.00092, 0.00092, 0.00092, 0.00092, 0.00092, 0.00092, 0.00092, 0.00092, 0.00092, 0.00092, 0.00092, 0.00092, 0.00092, 0.00092, 0.00092, 0.00092, 0.00092, 0.00092, 0.00092, 0.00092, 0.00092, 0.00092, 0.00092, 0.00092, 0.00092, 0.00092, 0.00092, 0.00092, 0.00092, 0.00092, 0.00092, 0.00092, 0.00092, 0.00092, 0.00092, 0.00092, 0.00092, 0.00092, 0.00092, 0.00092, 
0.93, 0.00093, 0.00093, 0.00093, 0.00093, 0.00093, 0.00093, 0.00093, 0.00093, 0.00093, 0.00093, 0.00093, 0.00093, 0.00093, 0.00093, 0.00093, 0.00093, 0.00093, 0.00093, 0.00093, 0.00093, 0.00093, 0.00093, 0.00093, 0.00093, 0.00093, 0.00093, 0.00093, 0.00093, 0.00093, 0.00093, 0.00093, 0.00093, 0.00093, 0.00093, 0.00093, 0.00093, 0.00093, 0.00093, 0.00093, 0.00093, 0.00093, 0.00093, 0.00093, 0.00093, 0.00093, 0.00093, 0.00093, 0.00093, 0.00093, 0.00093, 0.00093, 0.00093, 0.00093, 0.00093, 0.00093, 0.00093, 0.00093, 0.00093, 0.00093, 0.00093, 0.00093, 0.00093, 0.00093, 0.00093, 0.00093, 0.00093, 0.00093, 0.00093, 0.00093, 0.00093, 0.00093, 0.00093, 0.00093, 0.00093, 0.00093, 0.00093, 0.00093, 0.00093, 0.00093, 0.00093, 0.00093, 0.00093, 0.00093, 0.00093, 0.00093, 0.00093, 0.00093, 0.00093, 0.00093, 0.00093, 0.00093, 0.00093, 0.00093, 0.00093, 0.00093, 0.00093, 0.00093, 0.00093, 0.00093, 0.00093, 
0.94, 0.00094, 0.00094, 0.00094, 0.00094, 0.00094, 0.00094, 0.00094, 0.00094, 0.00094, 0.00094, 0.00094, 0.00094, 0.00094, 0.00094, 0.00094, 0.00094, 0.00094, 0.00094, 0.00094, 0.00094, 0.00094, 0.00094, 0.00094, 0.00094, 0.00094, 0.00094, 0.00094, 0.00094, 0.00094, 0.00094, 0.00094, 0.00094, 0.00094, 0.00094, 0.00094, 0.00094, 0.00094, 0.00094, 0.00094, 0.00094, 0.00094, 0.00094, 0.00094, 0.00094, 0.00094, 0.00094, 0.00094, 0.00094, 0.00094, 0.00094, 0.00094, 0.00094, 0.00094, 0.00094, 0.00094, 0.00094, 0.00094, 0.00094, 0.00094, 0.00094, 0.00094, 0.00094, 0.00094, 0.00094, 0.00094, 0.00094, 0.00094, 0.00094, 0.00094, 0.00094, 0.00094, 0.00094, 0.00094, 0.00094, 0.00094, 0.00094, 0.00094, 0.00094, 0.00094, 0.00094, 0.00094, 0.00094, 0.00094, 0.00094, 0.00094, 0.00094, 0.00094, 0.00094, 0.00094, 0.00094, 0.00094, 0.00094, 0.00094, 0.00094, 0.00094, 0.00094, 0.00094, 0.00094, 0.00094, 0.00094, 
0.95, 0.00095, 0.00095, 0.00095, 0.00095, 0.00095, 0.00095, 0.00095, 0.00095, 0.00095, 0.00095, 0.00095, 0.00095, 0.00095, 0.00095, 0.00095, 0.00095, 0.00095, 0.00095, 0.00095, 0.00095, 0.00095, 0.00095, 0.00095, 0.00095, 0.00095, 0.00095, 0.00095, 0.00095, 0.00095, 0.00095, 0.00095, 0.00095, 0.00095, 0.00095, 0.00095, 0.00095, 0.00095, 0.00095, 0.00095, 0.00095, 0.00095, 0.00095, 0.00095, 0.00095, 0.00095, 0.00095, 0.00095, 0.00095, 0.00095, 0.00095, 0.00095, 0.00095, 0.00095, 0.00095, 0.00095, 0.00095, 0.00095, 0.00095, 0.00095, 0.00095, 0.00095, 0.00095, 0.00095, 0.00095, 0.00095, 0.00095, 0.00095, 0.00095, 0.00095, 0.00095, 0.00095, 0.00095, 0.00095, 0.00095, 0.00095, 0.00095, 0.00095, 0.00095, 0.00095, 0.00095, 0.00095, 0.00095, 0.00095, 0.00095, 0.00095, 0.00095, 0.00095, 0.00095, 0.00095, 0.00095, 0.00095, 0.00095, 0.00095, 0.00095, 0.00095, 0.00095, 0.00095, 0.00095, 0.00095, 0.00095, 
0.96, 0.00096, 0.00096, 0.00096, 0.00096, 0.00096, 0.00096, 0.00096, 0.00096, 0.00096, 0.00096, 0.00096, 0.00096, 0.00096, 0.00096, 0.00096, 0.00096, 0.00096, 0.00096, 0.00096, 0.00096, 0.00096, 0.00096, 0.00096, 0.00096, 0.00096, 0.00096, 0.00096, 0.00096, 0.00096, 0.00096, 0.00096, 0.00096, 0.00096, 0.00096, 0.00096, 0.00096, 0.00096, 0.00096, 0.00096, 0.00096, 0.00096, 0.00096, 0.00096, 0.00096, 0.00096, 0.00096, 0.00096, 0.00096, 0.00096, 0.00096, 0.00096, 0.00096, 0.00096, 0.00096, 0.00096, 0.00096, 0.00096, 0.00096, 0.00096, 0.00096, 0.00096, 0.00096, 0.00096, 0.00096, 0.00096, 0.00096, 0.00096, 0.00096, 0.00096, 0.00096, 0.00096, 0.00096, 0.00096, 0.00096, 0.00096, 0.00096, 0.00096, 0.00096, 0.00096, 0.00096, 0.00096, 0.00096, 0.00096, 0.00096, 0.00096, 0.00096, 0.00096, 0.00096, 0.00096, 0.00096, 0.00096, 0.00096, 0.00096, 0.00096, 0.00096, 0.00096, 0.00096, 0.00096, 0.00096, 0.00096, 
0.97, 0.00097, 0.00097, 0.00097, 0.00097, 0.00097, 0.00097, 0.00097, 0.00097, 0.00097, 0.00097, 0.00097, 0.00097, 0.00097, 0.00097, 0.00097, 0.00097, 0.00097, 0.00097, 0.00097, 0.00097, 0.00097, 0.00097, 0.00097, 0.00097, 0.00097, 0.00097, 0.00097, 0.00097, 0.00097, 0.00097, 0.00097, 0.00097, 0.00097, 0.00097, 0.00097, 0.00097, 0.00097, 0.00097, 0.00097, 0.00097, 0.00097, 0.00097, 0.00097, 0.00097, 0.00097, 0.00097, 0.00097, 0.00097, 0.00097, 0.00097, 0.00097, 0.00097, 0.00097, 0.00097, 0.00097, 0.00097, 0.00097, 0.00097, 0.00097, 0.00097, 0.00097, 0.00097, 0.00097, 0.00097, 0.00097, 0.00097, 0.00097, 0.00097, 0.00097, 0.00097, 0.00097, 0.00097, 0.00097, 0.00097, 0.00097, 0.00097, 0.00097, 0.00097, 0.00097, 0.00097, 0.00097, 0.00097, 0.00097, 0.00097, 0.00097, 0.00097, 0.00097, 0.00097, 0.00097, 0.00097, 0.00097, 0.00097, 0.00097, 0.00097, 0.00097, 0.00097, 0.00097, 0.00097, 0.00097, 0.00097, 
0.98, 0.00098, 0.00098, 0.00098, 0.00098, 0.00098, 0.00098, 0.00098, 0.00098, 0.00098, 0.00098, 0.00098, 0.00098, 0.00098, 0.00098, 0.00098, 0.00098, 0.00098, 0.00098, 0.00098, 0.00098, 0.00098, 0.00098, 0.00098, 0.00098, 0.00098, 0.00098, 0.00098, 0.00098, 0.00098, 0.00098, 0.00098, 0.00098, 0.00098, 0.00098, 0.00098, 0.00098, 0.00098, 0.00098, 0.00098, 0.00098, 0.00098, 0.00098, 0.00098, 0.00098, 0.00098, 0.00098, 0.00098, 0.00098, 0.00098, 0.00098, 0.00098, 0.00098, 0.00098, 0.00098, 0.00098, 0.00098, 0.00098, 0.00098, 0.00098, 0.00098, 0.00098, 0.00098, 0.00098, 0.00098, 0.00098, 0.00098, 0.00098, 0.00098, 0.00098, 0.00098, 0.00098, 0.00098, 0.00098, 0.00098, 0.00098, 0.00098, 0.00098, 0.00098, 0.00098, 0.00098, 0.00098, 0.00098, 0.00098, 0.00098, 0.00098, 0.00098, 0.00098, 0.00098, 0.00098, 0.00098, 0.00098, 0.00098, 0.00098, 0.00098, 0.00098, 0.00098, 0.00098, 0.00098, 0.00098, 0.00098, 
0.99, 0.00099, 0.00099, 0.00099, 0.00099, 0.00099, 0.00099, 0.00099, 0.00099, 0.00099, 0.00099, 0.00099, 0.00099, 0.00099, 0.00099, 0.00099, 0.00099, 0.00099, 0.00099, 0.00099, 0.00099, 0.00099, 0.00099, 0.00099, 0.00099, 0.00099, 0.00099, 0.00099, 0.00099, 0.00099, 0.00099, 0.00099, 0.00099, 0.00099, 0.00099, 0.00099, 0.00099, 0.00099, 0.00099, 0.00099, 0.00099, 0.00099, 0.00099, 0.00099, 0.00099, 0.00099, 0.00099, 0.00099, 0.00099, 0.00099, 0.00099, 0.00099, 0.00099, 0.00099, 0.00099, 0.00099, 0.00099, 0.00099, 0.00099, 0.00099, 0.00099, 0.00099, 0.00099, 0.00099, 0.00099, 0.00099, 0.00099, 0.00099, 0.00099, 0.00099, 0.00099, 0.00099, 0.00099, 0.00099, 0.00099, 0.00099, 0.00099, 0.00099, 0.00099, 0.00099, 0.00099, 0.00099, 0.00099, 0.00099, 0.00099, 0.00099, 0.00099, 0.00099, 0.00099, 0.00099, 0.00099, 0.00099, 0.00099, 0.00099, 0.00099, 0.00099, 0.00099, 0.00099, 0.00099, 0.00099, 0.00099, 
