time, x0,...,x_Nx-1
0, 1, 1, 1, 1, 1, 1, 1, 1, 1, 1, 1, 1, 1, 1, 1, 1, 1, 1, 1, 1, 1, 1, 1, 1, 1, 1, 1, 1, 1, 1, 1, 1, 1, 1, 1, 1, 1, 1, 1, 1, 1, 1, 1, 1, 1, 1, 1, 1, 1, 1, 0, 0, 0, 0, 0, 0, 0, 0, 0, 0, 0, 0, 0, 0, 0, 0, 0, 0, 0, 0, 0, 0, 0, 0, 0, 0, 0, 0, 0, 0, 0, 0, 0, 0, 0, 0, 0, 0, 0, 0, 0, 0, 0, 0, 0, 0, 0, 0, 0, 0, 
0.01, 0.999, 0.999, 0.999, 0.999, 0.999, 0.999, 0.999, 0.999, 0.999, 0.999, 0.999, 0.999, 0.999, 0.999, 0.999, 0.999, 0.999, 0.999, 0.999, 0.999, 0.999, 0.999, 0.999, 0.999, 0.999, 0.999, 0.999, 0.999, 0.999, 0.999, 0.999, 0.999, 0.999, 0.999, 0.999, 0.999, 0.999, 0.999, 0.999, 0.999, 0.999, 0.999, 0.999, 0.999, 0.999, 0.999, 0.999, 0.999, 0.999, 0.999, 0, 0, 0, 0, 0, 0, 0, 0, 0, 0, 0, 0, 0, 0, 0, 0, 0, 0, 0, 0, 0, 0, 0, 0, 0, 0, 0, 0, 0, 0, 0, 0, 0, 0, 0, 0, 0, 0, 0, 0, 0, 0, 0, 0, 0, 0, 0, 0, 0, 0, 
0.02, 0.998001, 0.998001, 0.998001, 0.998001, 0.998001, 0.998001, 0.998001, 0.998001, 0.998001, 0.998001, 0.998001, 0.998001, 0.998001, 0.998001, 0.998001, 0.998001, 0.998001, 0.998001, 0.998001, 0.998001, 0.998001, 0.998001, 0.998001, 0.998001, 0.998001, 0.998001, 0.998001, 0.998001, 0.998001, 0.998001, 0.998001, 0.998001, 0.998001, 0.998001, 0.998001, 0.998001, 0.998001, 0.998001, 0.998001, 0.998001, 0.998001, 0.998001, 0.998001, 0.998001, 0.998001, 0.998001, 0.998001, 0.998001, 0.998001, 0.998001, 0, 0, 0, 0, 0, 0, 0, 0, 0, 0, 0, 0, 0, 0, 0, 0, 0, 0, 0, 0, 0, 0, 0, 0, 0, 0, 0, 0, 0, 0, 0, 0, 0, 0, 0, 0, 0, 0, 0, 0, 0, 0, 0, 0, 0, 0, 0, 0, 0, 0, 
0.03, 0.997003, 0.997003, 0.997003, 0.997003, 0.997003, 0.997003, 0.997003, 0.997003, 0.997003, 0.997003, 0.997003, 0.997003, 0.997003, 0.997003, 0.997003, 0.997003, 0.997003, 0.997003, 0.997003, 0.997003, 0.997003, 0.997003, 0.997003, 0.997003, 0.997003, 0.997003, 0.997003, 0.997003, 0.997003, 0.997003, 0.997003, 0.997003, 0.997003, 0.997003, 0.997003, 0.997003, 0.997003, 0.997003, 0.997003, 0.997003, 0.997003, 0.997003, 0.997003, 0.997003, 0.997003, 0.997003, 0.997003, 0.997003, 0.997003, 0.997003, 0, 0, 0, 0, 0, 0, 0, 0, 0, 0, 0, 0, 0, 0, 0, 0, 0, 0, 0, 0, 0, 0, 0, 0, 0, 0, 0, 0, 0, 0, 0, 0, 0, 0, 0, 0, 0, 0, 0, 0, 0, 0, 0, 0, 0, 0, 0, 0, 0, 0, 
0.04, 0.996006, 0.996006, 0.996006, 0.996006, 0.996006, 0.996006, 0.996006, 0.996006, 0.996006, 0.996006, 0.996006, 0.996006, 0.996006, 0.996006, 0.996006, 0.996006, 0.996006, 0.996006, 0.996006, 0.996006, 0.996006, 0.996006, 0.996006, 0.996006, 0.996006, 0.996006, 0.996006, 0.996006, 0.996006, 0.996006, 0.996006, 0.996006, 0.996006, 0.996006, 0.996006, 0.996006, 0.996006, 0.996006, 0.996006, 0.996006, 0.996006, 0.996006, 0.996006, 0.996006, 0.996006, 0.996006, 0.996006, 0.996006, 0.996006, 0.996006, 0, 0, 0, 0, 0, 0, 0, 0, 0, 0, 0, 0, 0, 0, 0, 0, 0, 0, 0, 0, 0, 0, 0, 0, 0, 0, 0, 0, 0, 0, 0, 0, 0, 0, 0, 0, 0, 0, 0, 0, 0, 0, 0, 0, 0, 0, 0, 0, 0, 0, 
0.05, 0.99501, 0.99501, 0.99501, 0.99501, 0.99501, 0.99501, 0.99501, 0.99501, 0.99501, 0.99501, 0.99501, 0.99501, 0.99501, 0.99501, 0.99501, 0.99501, 0.99501, 0.99501, 0.99501, 0.99501, 0.99501, 0.99501, 0.99501, 0.99501, 0.99501, 0.99501, 0.99501, 0.99501, 0.99501, 0.99501, 0.99501, 0.99501, 0.99501, 0.99501, 0.99501, 0.99501, 0.99501, 0.99501, 0.99501, 0.99501, 0.99501, 0.99501, 0.99501, 0.99501, 0.99501, 0.99501, 0.99501, 0.99501, 0.99501, 0.99501, 0, 0, 0, 0, 0, 0, 0, 0, 0, 0, 0, 0, 0, 0, 0, 0, 0, 0, 0, 0, 0, 0, 0, 0, 0, 0, 0, 0, 0, 0, 0, 0, 0, 0, 0, 0, 0, 0, 0, 0, 0, 0, 0, 0, 0, 0, 0, 0, 0, 0, 
0.06, 0.994015, 0.994015, 0.994015, 0.994015, 0.994015, 0.994015, 0.994015, 0.994015, 0.994015, 0.994015, 0.994015, 0.994015, 0.994015, 0.994015, 0.994015, 0.994015, 0.994015, 0.994015, 0.994015, 0.994015, 0.994015, 0.994015, 0.994015, 0.994015, 0.994015, 0.994015, 0.994015, 0.994015, 0.994015, 0.994015, 0.994015, 0.994015, 0.994015, 0.994015, 0.994015, 0.994015, 0.994015, 0.994015, 0.994015, 0.994015, 0.994015, 0.994015, 0.994015, 0.994015, 0.994015, 0.994015, 0.994015, 0.994015, 0.994015, 0.994015, 0, 0, 0, 0, 0, 0, 0, 0, 0, 0, 0, 0, 0, 0, 0, 0, 0, 0, 0, 0, 0, 0, 0, 0, 0, 0, 0, 0, 0, 0, 0, 0, 0, 0, 0, 0, 0, 0, 0, 0, 0, 0, 0, 0, 0, 0, 0, 0, 0, 0, 
0.07, 0.993021, 0.993021, 0.993021, 0.993021, 0.993021, 0.993021, 0.993021, 0.993021, 0.993021, 0.993021, 0.993021, 0.993021, 0.993021, 0.993021, 0.993021, 0.993021, 0.993021, 0.993021, 0.993021, 0.993021, 0.993021, 0.993021, 0.993021, 0.993021, 0.993021, 0.993021, 0.993021, 0.993021, 0.993021, 0.993021, 0.993021, 0.993021, 0.993021, 0.993021, 0.993021, 0.993021, 0.993021, 0.993021, 0.993021, 0.993021, 0.993021, 0.993021, 0.993021, 0.993021, 0.993021, 0.993021, 0.993021, 0.993021, 0.993021, 0.993021, 0, 0, 0, 0, 0, 0, 0, 0, 0, 0, 0, 0, 0, 0, 0, 0, 0, 0, 0, 0, 0, 0, 0, 0, 0, 0, 0, 0, 0, 0, 0, 0, 0, 0, 0, 0, 0, 0, 0, 0, 0, 0, 0, 0, 0, 0, 0, 0, 0, 0, 
0.08, 0.992028, 0.992028, 0.992028, 0.992028, 0.992028, 0.992028, 0.992028, 0.992028, 0.992028, 0.992028, 0.992028, 0.992028, 0.992028, 0.992028, 0.992028, 0.992028, 0.992028, 0.992028, 0.992028, 0.992028, 0.992028, 0.992028, 0.992028, 0.992028, 0.992028, 0.992028, 0.992028, 0.992028, 0.992028, 0.992028, 0.992028, 0.992028, 0.992028, 0.992028, 0.992028, 0.992028, 0.992028, 0.992028, 0.992028, 0.992028, 0.992028, 0.992028, 0.992028, 0.992028, 0.992028, 0.992028, 0.992028, 0.992028, 0.992028, 0.992028, 0, 0, 0, 0, 0, 0, 0, 0, 0, 0, 0, 0, 0, 0, 0, 0, 0, 0, 0, 0, 0, 0, 0, 0, 0, 0, 0, 0, 0, 0, 0, 0, 0, 0, 0, 0, 0, 0, 0, 0, 0, 0, 0, 0, 0, 0, 0, 0, 0, 0, 
0.09, 0.991036, 0.991036, 0.991036, 0.991036, 0.991036, 0.991036, 0.991036, 0.991036, 0.991036, 0.991036, 0.991036, 0.991036, 0.991036, 0.991036, 0.991036, 0.991036, 0.991036, 0.991036, 0.991036, 0.991036, 0.991036, 0.991036, 0.991036, 0.991036, 0.991036, 0.991036, 0.991036, 0.991036, 0.991036, 0.991036, 0.991036, 0.991036, 0.991036, 0.991036, 0.991036, 0.991036, 0.991036, 0.991036, 0.991036, 0.991036, 0.991036, 0.991036, 0.991036, 0.991036, 0.991036, 0.991036, 0.991036, 0.991036, 0.991036, 0.991036, 0, 0, 0, 0, 0, 0, 0, 0, 0, 0, 0, 0, 0, 0, 0, 0, 0, 0, 0, 0, 0, 0, 0, 0, 0, 0, 0, 0, 0, 0, 0, 0, 0, 0, 0, 0, 0, 0, 0, 0, 0, 0, 0, 0, 0, 0, 0, 0, 0, 0, 
0.1, 0.990045, 0.990045, 0.990045, 0.990045, 0.990045, 0.990045, 0.990045, 0.990045, 0.990045, 0.990045, 0.990045, 0.990045, 0.990045, 0.990045, 0.990045, 0.990045, 0.990045, 0.990045, 0.990045, 0.990045, 0.990045, 0.990045, 0.990045, 0.990045, 0.990045, 0.990045, 0.990045, 0.990045, 0.990045, 0.990045, 0.990045, 0.990045, 0.990045, 0.990045, 0.990045, 0.990045, 0.990045, 0.990045, 0.990045, 0.990045, 0.990045, 0.990045, 0.990045, 0.990045, 0.990045, 0.990045, 0.990045, 0.990045, 0.990045, 0.990045, 0, 0, 0, 0, 0, 0, 0, 0, 0, 0, 0, 0, 0, 0, 0, 0, 0, 0, 0, 0, 0, 0, 0, 0, 0, 0, 0, 0, 0, 0, 0, 0, 0, 0, 0, 0, 0, 0, 0, 0, 0, 0, 0, 0, 0, 0, 0, 0, 0, 0, 
0.11, 0.989055, 0.989055, 0.989055, 0.989055, 0.989055, 0.989055, 0.989055, 0.989055, 0.989055, 0.989055, 0.989055, 0.989055, 0.989055, 0.989055, 0.989055, 0.989055, 0.989055, 0.989055, 0.989055, 0.989055, 0.989055, 0.989055, 0.989055, 0.989055, 0.989055, 0.989055, 0.989055, 0.989055, 0.989055, 0.989055, 0.989055, 0.989055, 0.989055, 0.989055, 0.989055, 0.989055, 0.989055, 0.989055, 0.989055, 0.989055, 0.989055, 0.989055, 0.989055, 0.989055, 0.989055, 0.989055, 0.989055, 0.989055, 0.989055, 0.989055, 0, 0, 0, 0, 0, 0, 0, 0, 0, 0, 0, 0, 0, 0, 0, 0, 0, 0, 0, 0, 0, 0, 0, 0, 0, 0, 0, 0, 0, 0, 0, 0, 0, 0, 0, 0, 0, 0, 0, 0, 0, 0, 0, 0, 0, 0, 0, 0, 0, 0, 
0.12, 0.988066, 0.988066, 0.988066, 0.988066, 0.988066, 0.988066, 0.988066, 0.988066, 0.988066, 0.988066, 0.988066, 0.988066, 0.988066, 0.988066, 0.988066, 0.988066, 0.988066, 0.988066, 0.988066, 0.988066, 0.988066, 0.988066, 0.988066, 0.988066, 0.988066, 0.988066, 0.988066, 0.988066, 0.988066, 0.988066, 0.988066, 0.988066, 0.988066, 0.988066, 0.988066, 0.988066, 0.988066, 0.988066, 0.988066, 0.988066, 0.988066, 0.988066, 0.988066, 0.988066, 0.988066, 0.988066, 0.988066, 0.988066, 0.988066, 0.988066, 0, 0, 0, 0, 0, 0, 0, 0, 0, 0, 0, 0, 0, 0, 0, 0, 0, 0, 0, 0, 0, 0, 0, 0, 0, 0, 0, 0, 0, 0, 0, 0, 0, 0, 0, 0, 0, 0, 0, 0, 0, 0, 0, 0, 0, 0, 0, 0, 0, 0, 
0.13, 0.987078, 0.987078, 0.987078, 0.987078, 0.987078, 0.987078, 0.987078, 0.987078, 0.987078, 0.987078, 0.987078, 0.987078, 0.987078, 0.987078, 0.987078, 0.987078, 0.987078, 0.987078, 0.987078, 0.987078, 0.987078, 0.987078, 0.987078, 0.987078, 0.987078, 0.987078, 0.987078, 0.987078, 0.987078, 0.987078, 0.987078, 0.987078, 0.987078, 0.987078, 0.987078, 0.987078, 0.987078, 0.987078, 0.987078, 0.987078, 0.987078, 0.987078, 0.987078, 0.987078, 0.987078, 0.987078, 0.987078, 0.987078, 0.987078, 0.987078, 0, 0, 0, 0, 0, 0, 0, 0, 0, 0, 0, 0, 0, 0, 0, 0, 0, 0, 0, 0, 0, 0, 0, 0, 0, 0, 0, 0, 0, 0, 0, 0, 0, 0, 0, 0, 0, 0, 0, 0, 0, 0, 0, 0, 0, 0, 0, 0, 0, 0, 
0.14, 0.986091, 0.986091, 0.986091, 0.986091, 0.986091, 0.986091, 0.986091, 0.986091, 0.986091, 0.986091, 0.986091, 0.986091, 0.986091, 0.986091, 0.986091, 0.986091, 0.986091, 0.986091, 0.986091, 0.986091, 0.986091, 0.986091, 0.986091, 0.986091, 0.986091, 0.986091, 0.986091, 0.986091, 0.986091, 0.986091, 0.986091, 0.986091, 0.986091, 0.986091, 0.986091, 0.986091, 0.986091, 0.986091, 0.986091, 0.986091, 0.986091, 0.986091, 0.986091, 0.986091, 0.986091, 0.986091, 0.986091, 0.986091, 0.986091, 0.986091, 0, 0, 0, 0, 0, 0, 0, 0, 0, 0, 0, 0, 0, 0, 0, 0, 0, 0, 0, 0, 0, 0, 0, 0, 0, 0, 0, 0, 0, 0, 0, 0, 0, 0, 0, 0, 0, 0, 0, 0, 0, 0, 0, 0, 0, 0, 0, 0, 0, 0, 
0.15, 0.985105, 0.985105, 0.985105, 0.985105, 0.985105, 0.985105, 0.985105, 0.985105, 0.985105, 0.985105, 0.985105, 0.985105, 0.985105, 0.985105, 0.985105, 0.985105, 0.985105, 0.985105, 0.985105, 0.985105, 0.985105, 0.985105, 0.985105, 0.985105, 0.985105, 0.985105, 0.985105, 0.985105, 0.985105, 0.985105, 0.985105, 0.985105, 0.985105, 0.985105, 0.985105, 0.985105, 0.985105, 0.985105, 0.985105, 0.985105, 0.985105, 0.985105, 0.985105, 0.985105, 0.985105, 0.985105, 0.985105, 0.985105, 0.985105, 0.985105, 0, 0, 0, 0, 0, 0, 0, 0, 0, 0, 0, 0, 0, 0, 0, 0, 0, 0, 0, 0, 0, 0, 0, 0, 0, 0, 0, 0, 0, 0, 0, 0, 0, 0, 0, 0, 0, 0, 0, 0, 0, 0, 0, 0, 0, 0, 0, 0, 0, 0, 
0.16, 0.984119, 0.984119, 0.984119, 0.984119, 0.984119, 0.984119, 0.984119, 0.984119, 0.984119, 0.984119, 0.984119, 0.984119, 0.984119, 0.984119, 0.984119, 0.984119, 0.984119, 0.984119, 0.984119, 0.984119, 0.984119, 0.984119, 0.984119, 0.984119, 0.984119, 0.984119, 0.984119, 0.984119, 0.984119, 0.984119, 0.984119, 0.984119, 0.984119, 0.984119, 0.984119, 0.984119, 0.984119, 0.984119, 0.984119, 0.984119, 0.984119, 0.984119, 0.984119, 0.984119, 0.984119, 0.984119, 0.984119, 0.984119, 0.984119, 0.984119, 0, 0, 0, 0, 0, 0, 0, 0, 0, 0, 0, 0, 0, 0, 0, 0, 0, 0, 0, 0, 0, 0, 0, 0, 0, 0, 0, 0, 0, 0, 0, 0, 0, 0, 0, 0, 0, 0, 0, 0, 0, 0, 0, 0, 0, 0, 0, 0, 0, 0, 
0.17, 0.983135, 0.983135, 0.983135, 0.983135, 0.983135, 0.983135, 0.983135, 0.983135, 0.983135, 0.983135, 0.983135, 0.983135, 0.983135, 0.983135, 0.983135, 0.983135, 0.983135, 0.983135, 0.983135, 0.983135, 0.983135, 0.983135, 0.983135, 0.983135, 0.983135, 0.983135, 0.983135, 0.983135, 0.983135, 0.983135, 0.983135, 0.983135, 0.983135, 0.983135, 0.983135, 0.983135, 0.983135, 0.983135, 0.983135, 0.983135, 0.983135, 0.983135, 0.983135, 0.983135, 0.983135, 0.983135, 0.983135, 0.983135, 0.983135, 0.983135, 0, 0, 0, 0, 0, 0, 0, 0, 0, 0, 0, 0, 0, 0, 0, 0, 0, 0, 0, 0, 0, 0, 0, 0, 0, 0, 0, 0, 0, 0, 0, 0, 0, 0, 0, 0, 0, 0, 0, 0, 0, 0, 0, 0, 0, 0, 0, 0, 0, 0, 
0.18, 0.982152, 0.982152, 0.982152, 0.982152, 0.982152, 0.982152, 0.982152, 0.982152, 0.982152, 0.982152, 0.982152, 0.982152, 0.982152, 0.982152, 0.982152, 0.982152, 0.982152, 0.982152, 0.982152, 0.982152, 0.982152, 0.982152, 0.982152, 0.982152, 0.982152, 0.982152, 0.982152, 0.982152, 0.982152, 0.982152, 0.982152, 0.982152, 0.982152, 0.982152, 0.982152, 0.982152, 0.982152, 0.982152, 0.982152, 0.982152, 0.982152, 0.982152, 0.982152, 0.982152, 0.982152, 0.982152, 0.982152, 0.982152, 0.982152, 0.982152, 0, 0, 0, 0, 0, 0, 0, 0, 0, 0, 0, 0, 0, 0, 0, 0, 0, 0, 0, 0, 0, 0, 0, 0, 0, 0, 0, 0, 0, 0, 0, 0, 0, 0, 0, 0, 0, 0, 0, 0, 0, 0, 0, 0, 0, 0, 0, 0, 0, 0, 
0.19, 0.98117, 0.98117, 0.98117, 0.98117, 0.98117, 0.98117, 0.98117, 0.98117, 0.98117, 0.98117, 0.98117, 0.98117, 0.98117, 0.98117, 0.98117, 0.98117, 0.98117, 0.98117, 0.98117, 0.98117, 0.98117, 0.98117, 0.98117, 0.98117, 0.98117, 0.98117, 0.98117, 0.98117, 0.98117, 0.98117, 0.98117, 0.98117, 0.98117, 0.98117, 0.98117, 0.98117, 0.98117, 0.98117, 0.98117, 0.98117, 0.98117, 0.98117, 0.98117, 0.98117, 0.98117, 0.98117, 0.98117, 0.98117, 0.98117, 0.98117, 0, 0, 0, 0, 0, 0, 0, 0, 0, 0, 0, 0, 0, 0, 0, 0, 0, 0, 0, 0, 0, 0, 0, 0, 0, 0, 0, 0, 0, 0, 0, 0, 0, 0, 0, 0, 0, 0, 0, 0, 0, 0, 0, 0, 0, 0, 0, 0, 0, 0, 
0.2, 0.980189, 0.980189, 0.980189, 0.980189, 0.980189, 0.980189, 0.980189, 0.980189, 0.980189, 0.980189, 0.980189, 0.980189, 0.980189, 0.980189, 0.980189, 0.980189, 0.980189, 0.980189, 0.980189, 0.980189, 0.980189, 0.980189, 0.980189, 0.980189, 0.980189, 0.980189, 0.980189, 0.980189, 0.980189, 0.980189, 0.980189, 0.980189, 0.980189, 0.980189, 0.980189, 0.980189, 0.980189, 0.980189, 0.980189, 0.980189, 0.980189, 0.980189, 0.980189, 0.980189, 0.980189, 0.980189, 0.980189, 0.980189, 0.980189, 0.980189, 0, 0, 0, 0, 0, 0, 0, 0, 0, 0, 0, 0, 0, 0, 0, 0, 0, 0, 0, 0, 0, 0, 0, 0, 0, 0, 0, 0, 0, 0, 0, 0, 0, 0, 0, 0, 0, 0, 0, 0, 0, 0, 0, 0, 0, 0, 0, 0, 0, 0, 
0.21, 0.979209, 0.979209, 0.979209, 0.979209, 0.979209, 0.979209, 0.979209, 0.979209, 0.979209, 0.979209, 0.979209, 0.979209, 0.979209, 0.979209, 0.979209, 0.979209, 0.979209, 0.979209, 0.979209, 0.979209, 0.979209, 0.979209, 0.979209, 0.979209, 0.979209, 0.979209, 0.979209, 0.979209, 0.979209, 0.979209, 0.979209, 0.979209, 0.979209, 0.979209, 0.979209, 0.979209, 0.979209, 0.979209, 0.979209, 0.979209, 0.979209, 0.979209, 0.979209, 0.979209, 0.979209, 0.979209, 0.979209, 0.979209, 0.979209, 0.979209, 0, 0, 0, 0, 0, 0, 0, 0, 0, 0, 0, 0, 0, 0, 0, 0, 0, 0, 0, 0, 0, 0, 0, 0, 0, 0, 0, 0, 0, 0, 0, 0, 0, 0, 0, 0, 0, 0, 0, 0, 0, 0, 0, 0, 0, 0, 0, 0, 0, 0, 
0.22, 0.978229, 0.978229, 0.978229, 0.978229, 0.978229, 0.978229, 0.978229, 0.978229, 0.978229, 0.978229, 0.978229, 0.978229, 0.978229, 0.978229, 0.978229, 0.978229, 0.978229, 0.978229, 0.978229, 0.978229, 0.978229, 0.978229, 0.978229, 0.978229, 0.978229, 0.978229, 0.978229, 0.978229, 0.978229, 0.978229, 0.978229, 0.978229, 0.978229, 0.978229, 0.978229, 0.978229, 0.978229, 0.978229, 0.978229, 0.978229, 0.978229, 0.978229, 0.978229, 0.978229, 0.978229, 0.978229, 0.978229, 0.978229, 0.978229, 0.978229, 0, 0, 0, 0, 0, 0, 0, 0, 0, 0, 0, 0, 0, 0, 0, 0, 0, 0, 0, 0, 0, 0, 0, 0, 0, 0, 0, 0, 0, 0, 0, 0, 0, 0, 0, 0, 0, 0, 0, 0, 0, 0, 0, 0, 0, 0, 0, 0, 0, 0, 
0.23, 0.977251, 0.977251, 0.977251, 0.977251, 0.977251, 0.977251, 0.977251, 0.977251, 0.977251, 0.977251, 0.977251, 0.977251, 0.977251, 0.977251, 0.977251, 0.977251, 0.977251, 0.977251, 0.977251, 0.977251, 0.977251, 0.977251, 0.977251, 0.977251, 0.977251, 0.977251, 0.977251, 0.977251, 0.977251, 0.977251, 0.977251, 0.977251, 0.977251, 0.977251, 0.977251, 0.977251, 0.977251, 0.977251, 0.977251, 0.977251, 0.977251, 0.977251, 0.977251, 0.977251, 0.977251, 0.977251, 0.977251, 0.977251, 0.977251, 0.977251, 0, 0, 0, 0, 0, 0, 0, 0, 0, 0, 0, 0, 0, 0, 0, 0, 0, 0, 0, 0, 0, 0, 0, 0, 0, 0, 0, 0, 0, 0, 0, 0, 0, 0, 0, 0, 0, 0, 0, 0, 0, 0, 0, 0, 0, 0, 0, 0, 0, 0, 
0.24, 0.976274, 0.976274, 0.976274, 0.976274, 0.976274, 0.976274, 0.976274, 0.976274, 0.976274, 0.976274, 0.976274, 0.976274, 0.976274, 0.976274, 0.976274, 0.976274, 0.976274, 0.976274, 0.976274, 0.976274, 0.976274, 0.976274, 0.976274, 0.976274, 0.976274, 0.976274, 0.976274, 0.976274, 0.976274, 0.976274, 0.976274, 0.976274, 0.976274, 0.976274, 0.976274, 0.976274, 0.976274, 0.976274, 0.976274, 0.976274, 0.976274, 0.976274, 0.976274, 0.976274, 0.976274, 0.976274, 0.976274, 0.976274, 0.976274, 0.976274, 0, 0, 0, 0, 0, 0, 0, 0, 0, 0, 0, 0, 0, 0, 0, 0, 0, 0, 0, 0, 0, 0, 0, 0, 0, 0, 0, 0, 0, 0, 0, 0, 0, 0, 0, 0, 0, 0, 0, 0, 0, 0, 0, 0, 0, 0, 0, 0, 0, 0, 
0.25, 0.975298, 0.975298, 0.975298, 0.975298, 0.975298, 0.975298, 0.975298, 0.975298, 0.975298, 0.975298, 0.975298, 0.975298, 0.975298, 0.975298, 0.975298, 0.975298, 0.975298, 0.975298, 0.975298, 0.975298, 0.975298, 0.975298, 0.975298, 0.975298, 0.975298, 0.975298, 0.975298, 0.975298, 0.975298, 0.975298, 0.975298, 0.975298, 0.975298, 0.975298, 0.975298, 0.975298, 0.975298, 0.975298, 0.975298, 0.975298, 0.975298, 0.975298, 0.975298, 0.975298, 0.975298, 0.975298, 0.975298, 0.975298, 0.975298, 0.975298, 0, 0, 0, 0, 0, 0, 0, 0, 0, 0, 0, 0, 0, 0, 0, 0, 0, 0, 0, 0, 0, 0, 0, 0, 0, 0, 0, 0, 0, 0, 0, 0, 0, 0, 0, 0, 0, 0, 0, 0, 0, 0, 0, 0, 0, 0, 0, 0, 0, 0, 
0.26, 0.974322, 0.974322, 0.974322, 0.974322, 0.974322, 0.974322, 0.974322, 0.974322, 0.974322, 0.974322, 0.974322, 0.974322, 0.974322, 0.974322, 0.974322, 0.974322, 0.974322, 0.974322, 0.974322, 0.974322, 0.974322, 0.974322, 0.974322, 0.974322, 0.974322, 0.974322, 0.974322, 0.974322, 0.974322, 0.974322, 0.974322, 0.974322, 0.974322, 0.974322, 0.974322, 0.974322, 0.974322, 0.974322, 0.974322, 0.974322, 0.974322, 0.974322, 0.974322, 0.974322, 0.974322, 0.974322, 0.974322, 0.974322, 0.974322, 0.974322, 0, 0, 0, 0, 0, 0, 0, 0, 0, 0, 0, 0, 0, 0, 0, 0, 0, 0, 0, 0, 0, 0, 0, 0, 0, 0, 0, 0, 0, 0, 0, 0, 0, 0, 0, 0, 0, 0, 0, 0, 0, 0, 0, 0, 0, 0, 0, 0, 0, 0, 
0.27, 0.973348, 0.973348, 0.973348, 0.973348, 0.973348, 0.973348, 0.973348, 0.973348, 0.973348, 0.973348, 0.973348, 0.973348, 0.973348, 0.973348, 0.973348, 0.973348, 0.973348, 0.973348, 0.973348, 0.973348, 0.973348, 0.973348, 0.973348, 0.973348, 0.973348, 0.973348, 0.973348, 0.973348, 0.973348, 0.973348, 0.973348, 0.973348, 0.973348, 0.973348, 0.973348, 0.973348, 0.973348, 0.973348, 0.973348, 0.973348, 0.973348, 0.973348, 0.973348, 0.973348, 0.973348, 0.973348, 0.973348, 0.973348, 0.973348, 0.973348, 0, 0, 0, 0, 0, 0, 0, 0, 0, 0, 0, 0, 0, 0, 0, 0, 0, 0, 0, 0, 0, 0, 0, 0, 0, 0, 0, 0, 0, 0, 0, 0, 0, 0, 0, 0, 0, 0, 0, 0, 0, 0, 0, 0, 0, 0, 0, 0, 0, 0, 
0.28, 0.972375, 0.972375, 0.972375, 0.972375, 0.972375, 0.972375, 0.972375, 0.972375, 0.972375, 0.972375, 0.972375, 0.972375, 0.972375, 0.972375, 0.972375, 0.972375, 0.972375, 0.972375, 0.972375, 0.972375, 0.972375, 0.972375, 0.972375, 0.972375, 0.972375, 0.972375, 0.972375, 0.972375, 0.972375, 0.972375, 0.972375, 0.972375, 0.972375, 0.972375, 0.972375, 0.972375, 0.972375, 0.972375, 0.972375, 0.972375, 0.972375, 0.972375, 0.972375, 0.972375, 0.972375, 0.972375, 0.972375, 0.972375, 0.972375, 0.972375, 0, 0, 0, 0, 0, 0, 0, 0, 0, 0, 0, 0, 0, 0, 0, 0, 0, 0, 0, 0, 0, 0, 0, 0, 0, 0, 0, 0, 0, 0, 0, 0, 0, 0, 0, 0, 0, 0, 0, 0, 0, 0, 0, 0, 0, 0, 0, 0, 0, 0, 
0.29, 0.971402, 0.971402, 0.971402, 0.971402, 0.971402, 0.971402, 0.971402, 0.971402, 0.971402, 0.971402, 0.971402, 0.971402, 0.971402, 0.971402, 0.971402, 0.971402, 0.971402, 0.971402, 0.971402, 0.971402, 0.971402, 0.971402, 0.971402, 0.971402, 0.971402, 0.971402, 0.971402, 0.971402, 0.971402, 0.971402, 0.971402, 0.971402, 0.971402, 0.971402, 0.971402, 0.971402, 0.971402, 0.971402, 0.971402, 0.971402, 0.971402, 0.971402, 0.971402, 0.971402, 0.971402, 0.971402, 0.971402, 0.971402, 0.971402, 0.971402, 0, 0, 0, 0, 0, 0, 0, 0, 0, 0, 0, 0, 0, 0, 0, 0, 0, 0, 0, 0, 0, 0, 0, 0, 0, 0, 0, 0, 0, 0, 0, 0, 0, 0, 0, 0, 0, 0, 0, 0, 0, 0, 0, 0, 0, 0, 0, 0, 0, 0, 
0.3, 0.970431, 0.970431, 0.970431, 0.970431, 0.970431, 0.970431, 0.970431, 0.970431, 0.970431, 0.970431, 0.970431, 0.970431, 0.970431, 0.970431, 0.970431, 0.970431, 0.970431, 0.970431, 0.970431, 0.970431, 0.970431, 0.970431, 0.970431, 0.970431, 0.970431, 0.970431, 0.970431, 0.970431, 0.970431, 0.970431, 0.970431, 0.970431, 0.970431, 0.970431, 0.970431, 0.970431, 0.970431, 0.970431, 0.970431, 0.970431, 0.970431, 0.970431, 0.970431, 0.970431, 0.970431, 0.970431, 0.970431, 0.970431, 0.970431, 0.970431, 0, 0, 0, 0, 0, 0, 0, 0, 0, 0, 0, 0, 0, 0, 0, 0, 0, 0, 0, 0, 0, 0, 0, 0, 0, 0, 0, 0, 0, 0, 0, 0, 0, 0, 0, 0, 0, 0, 0, 0, 0, 0, 0, 0, 0, 0, 0, 0, 0, 0, 
0.31, 0.969461, 0.969461, 0.969461, 0.969461, 0.969461, 0.969461, 0.969461, 0.969461, 0.969461, 0.969461, 0.969461, 0.969461, 0.969461, 0.969461, 0.969461, 0.969461, 0.969461, 0.969461, 0.969461, 0.969461, 0.969461, 0.969461, 0.969461, 0.969461, 0.969461, 0.969461, 0.969461, 0.969461, 0.969461, 0.969461, 0.969461, 0.969461, 0.969461, 0.969461, 0.969461, 0.969461, 0.969461, 0.969461, 0.969461, 0.969461, 0.969461, 0.969461, 0.969461, 0.969461, 0.969461, 0.969461, 0.969461, 0.969461, 0.969461, 0.969461, 0, 0, 0, 0, 0, 0, 0, 0, 0, 0, 0, 0, 0, 0, 0, 0, 0, 0, 0, 0, 0, 0, 0, 0, 0, 0, 0, 0, 0, 0, 0, 0, 0, 0, 0, 0, 0, 0, 0, 0, 0, 0, 0, 0, 0, 0, 0, 0, 0, 0, 
0.32, 0.968491, 0.968491, 0.968491, 0.968491, 0.968491, 0.968491, 0.968491, 0.968491, 0.968491, 0.968491, 0.968491, 0.968491, 0.968491, 0.968491, 0.968491, 0.968491, 0.968491, 0.968491, 0.968491, 0.968491, 0.968491, 0.968491, 0.968491, 0.968491, 0.968491, 0.968491, 0.968491, 0.968491, 0.968491, 0.968491, 0.968491, 0.968491, 0.968491, 0.968491, 0.968491, 0.968491, 0.968491, 0.968491, 0.968491, 0.968491, 0.968491, 0.968491, 0.968491, 0.968491, 0.968491, 0.968491, 0.968491, 0.968491, 0.968491, 0.968491, 0, 0, 0, 0, 0, 0, 0, 0, 0, 0, 0, 0, 0, 0, 0, 0, 0, 0, 0, 0, 0, 0, 0, 0, 0, 0, 0, 0, 0, 0, 0, 0, 0, 0, 0, 0, 0, 0, 0, 0, 0, 0, 0, 0, 0, 0, 0, 0, 0, 0, 
0.33, 0.967523, 0.967523, 0.967523, 0.967523, 0.967523, 0.967523, 0.967523, 0.967523, 0.967523, 0.967523, 0.967523, 0.967523, 0.967523, 0.967523, 0.967523, 0.967523, 0.967523, 0.967523, 0.967523, 0.967523, 0.967523, 0.967523, 0.967523, 0.967523, 0.967523, 0.967523, 0.967523, 0.967523, 0.967523, 0.967523, 0.967523, 0.967523, 0.967523, 0.967523, 0.967523, 0.967523, 0.967523, 0.967523, 0.967523, 0.967523, 0.967523, 0.967523, 0.967523, 0.967523, 0.967523, 0.967523, 0.967523, 0.967523, 0.967523, 0.967523, 0, 0, 0, 0, 0, 0, 0, 0, 0, 0, 0, 0, 0, 0, 0, 0, 0, 0, 0, 0, 0, 0, 0, 0, 0, 0, 0, 0, 0, 0, 0, 0, 0, 0, 0, 0, 0, 0, 0, 0, 0, 0, 0, 0, 0, 0, 0, 0, 0, 0, 
0.34, 0.966555, 0.966555, 0.966555, 0.966555, 0.966555, 0.966555, 0.966555, 0.966555, 0.966555, 0.966555, 0.966555, 0.966555, 0.966555, 0.966555, 0.966555, 0.966555, 0.966555, 0.966555, 0.966555, 0.966555, 0.966555, 0.966555, 0.966555, 0.966555, 0.966555, 0.966555, 0.966555, 0.966555, 0.966555, 0.966555, 0.966555, 0.966555, 0.966555, 0.966555, 0.966555, 0.966555, 0.966555, 0.966555, 0.966555, 0.966555, 0.966555, 0.966555, 0.966555, 0.966555, 0.966555, 0.966555, 0.966555, 0.966555, 0.966555, 0.966555, 0, 0, 0, 0, 0, 0, 0, 0, 0, 0, 0, 0, 0, 0, 0, 0, 0, 0, 0, 0, 0, 0, 0, 0, 0, 0, 0, 0, 0, 0, 0, 0, 0, 0, 0, 0, 0, 0, 0, 0, 0, 0, 0, 0, 0, 0, 0, 0, 0, 0, 
0.35, 0.965589, 0.965589, 0.965589, 0.965589, 0.965589, 0.965589, 0.965589, 0.965589, 0.965589, 0.965589, 0.965589, 0.965589, 0.965589, 0.965589, 0.965589, 0.965589, 0.965589, 0.965589, 0.965589, 0.965589, 0.965589, 0.965589, 0.965589, 0.965589, 0.965589, 0.965589, 0.965589, 0.965589, 0.965589, 0.965589, 0.965589, 0.965589, 0.965589, 0.965589, 0.965589, 0.965589, 0.965589, 0.965589, 0.965589, 0.965589, 0.965589, 0.965589, 0.965589, 0.965589, 0.965589, 0.965589, 0.965589, 0.965589, 0.965589, 0.965589, 0, 0, 0, 0, 0, 0, 0, 0, 0, 0, 0, 0, 0, 0, 0, 0, 0, 0, 0, 0, 0, 0, 0, 0, 0, 0, 0, 0, 0, 0, 0, 0, 0, 0, 0, 0, 0, 0, 0, 0, 0, 0, 0, 0, 0, 0, 0, 0, 0, 0, 
0.36, 0.964623, 0.964623, 0.964623, 0.964623, 0.964623, 0.964623, 0.964623, 0.964623, 0.964623, 0.964623, 0.964623, 0.964623, 0.964623, 0.964623, 0.964623, 0.964623, 0.964623, 0.964623, 0.964623, 0.964623, 0.964623, 0.964623, 0.964623, 0.964623, 0.964623, 0.964623, 0.964623, 0.964623, 0.964623, 0.964623, 0.964623, 0.964623, 0.964623, 0.964623, 0.964623, 0.964623, 0.964623, 0.964623, 0.964623, 0.964623, 0.964623, 0.964623, 0.964623, 0.964623, 0.964623, 0.964623, 0.964623, 0.964623, 0.964623, 0.964623, 0, 0, 0, 0, 0, 0, 0, 0, 0, 0, 0, 0, 0, 0, 0, 0, 0, 0, 0, 0, 0, 0, 0, 0, 0, 0, 0, 0, 0, 0, 0, 0, 0, 0, 0, 0, 0, 0, 0, 0, 0, 0, 0, 0, 0, 0, 0, 0, 0, 0, 
0.37, 0.963658, 0.963658, 0.963658, 0.963658, 0.963658, 0.963658, 0.963658, 0.963658, 0.963658, 0.963658, 0.963658, 0.963658, 0.963658, 0.963658, 0.963658, 0.963658, 0.963658, 0.963658, 0.963658, 0.963658, 0.963658, 0.963658, 0.963658, 0.963658, 0.963658, 0.963658, 0.963658, 0.963658, 0.963658, 0.963658, 0.963658, 0.963658, 0.963658, 0.963658, 0.963658, 0.963658, 0.963658, 0.963658, 0.963658, 0.963658, 0.963658, 0.963658, 0.963658, 0.963658, 0.963658, 0.963658, 0.963658, 0.963658, 0.963658, 0.963658, 0, 0, 0, 0, 0, 0, 0, 0, 0, 0, 0, 0, 0, 0, 0, 0, 0, 0, 0, 0, 0, 0, 0, 0, 0, 0, 0, 0, 0, 0, 0, 0, 0, 0, 0, 0, 0, 0, 0, 0, 0, 0, 0, 0, 0, 0, 0, 0, 0, 0, 
0.38, 0.962695, 0.962695, 0.962695, 0.962695, 0.962695, 0.962695, 0.962695, 0.962695, 0.962695, 0.962695, 0.962695, 0.962695, 0.962695, 0.962695, 0.962695, 0.962695, 0.962695, 0.962695, 0.962695, 0.962695, 0.962695, 0.962695, 0.962695, 0.962695, 0.962695, 0.962695, 0.962695, 0.962695, 0.962695, 0.962695, 0.962695, 0.962695, 0.962695, 0.962695, 0.962695, 0.962695, 0.962695, 0.962695, 0.962695, 0.962695, 0.962695, 0.962695, 0.962695, 0.962695, 0.962695, 0.962695, 0.962695, 0.962695, 0.962695, 0.962695, 0, 0, 0, 0, 0, 0, 0, 0, 0, 0, 0, 0, 0, 0, 0, 0, 0, 0, 0, 0, 0, 0, 0, 0, 0, 0, 0, 0, 0, 0, 0, 0, 0, 0, 0, 0, 0, 0, 0, 0, 0, 0, 0, 0, 0, 0, 0, 0, 0, 0, 
0.39, 0.961732, 0.961732, 0.961732, 0.961732, 0.961732, 0.961732, 0.961732, 0.961732, 0.961732, 0.961732, 0.961732, 0.961732, 0.961732, 0.961732, 0.961732, 0.961732, 0.961732, 0.961732, 0.961732, 0.961732, 0.961732, 0.961732, 0.961732, 0.961732, 0.961732, 0.961732, 0.961732, 0.961732, 0.961732, 0.961732, 0.961732, 0.961732, 0.961732, 0.961732, 0.961732, 0.961732, 0.961732, 0.961732, 0.961732, 0.961732, 0.961732, 0.961732, 0.961732, 0.961732, 0.961732, 0.961732, 0.961732, 0.961732, 0.961732, 0.961732, 0, 0, 0, 0, 0, 0, 0, 0, 0, 0, 0, 0, 0, 0, 0, 0, 0, 0, 0, 0, 0, 0, 0, 0, 0, 0, 0, 0, 0, 0, 0, 0, 0, 0, 0, 0, 0, 0, 0, 0, 0, 0, 0, 0, 0, 0, 0, 0, 0, 0, 
0.4, 0.96077, 0.96077, 0.96077, 0.96077, 0.96077, 0.96077, 0.96077, 0.96077, 0.96077, 0.96077, 0.96077, 0.96077, 0.96077, 0.96077, 0.96077, 0.96077, 0.96077, 0.96077, 0.96077, 0.96077, 0.96077, 0.96077, 0.96077, 0.96077, 0.96077, 0.96077, 0.96077, 0.96077, 0.96077, 0.96077, 0.96077, 0.96077, 0.96077, 0.96077, 0.96077, 0.96077, 0.96077, 0.96077, 0.96077, 0.96077, 0.96077, 0.96077, 0.96077, 0.96077, 0.96077, 0.96077, 0.96077, 0.96077, 0.96077, 0.96077, 0, 0, 0, 0, 0, 0, 0, 0, 0, 0, 0, 0, 0, 0, 0, 0, 0, 0, 0, 0, 0, 0, 0, 0, 0, 0, 0, 0, 0, 0, 0, 0, 0, 0, 0, 0, 0, 0, 0, 0, 0, 0, 0, 0, 0, 0, 0, 0, 0, 0, 
0.41, 0.959809, 0.959809, 0.959809, 0.959809, 0.959809, 0.959809, 0.959809, 0.959809, 0.959809, 0.959809, 0.959809, 0.959809, 0.959809, 0.959809, 0.959809, 0.959809, 0.959809, 0.959809, 0.959809, 0.959809, 0.959809, 0.959809, 0.959809, 0.959809, 0.959809, 0.959809, 0.959809, 0.959809, 0.959809, 0.959809, 0.959809, 0.959809, 0.959809, 0.959809, 0.959809, 0.959809, 0.959809, 0.959809, 0.959809, 0.959809, 0.959809, 0.959809, 0.959809, 0.959809, 0.959809, 0.959809, 0.959809, 0.959809, 0.959809, 0.959809, 0, 0, 0, 0, 0, 0, 0, 0, 0, 0, 0, 0, 0, 0, 0, 0, 0, 0, 0, 0, 0, 0, 0, 0, 0, 0, 0, 0, 0, 0, 0, 0, 0, 0, 0, 0, 0, 0, 0, 0, 0, 0, 0, 0, 0, 0, 0, 0, 0, 0, 
0.42, 0.95885, 0.95885, 0.95885, 0.95885, 0.95885, 0.95885, 0.95885, 0.95885, 0.95885, 0.95885, 0.95885, 0.95885, 0.95885, 0.95885, 0.95885, 0.95885, 0.95885, 0.95885, 0.95885, 0.95885, 0.95885, 0.95885, 0.95885, 0.95885, 0.95885, 0.95885, 0.95885, 0.95885, 0.95885, 0.95885, 0.95885, 0.95885, 0.95885, 0.95885, 0.95885, 0.95885, 0.95885, 0.95885, 0.95885, 0.95885, 0.95885, 0.95885, 0.95885, 0.95885, 0.95885, 0.95885, 0.95885, 0.95885, 0.95885, 0.95885, 0, 0, 0, 0, 0, 0, 0, 0, 0, 0, 0, 0, 0, 0, 0, 0, 0, 0, 0, 0, 0, 0, 0, 0, 0, 0, 0, 0, 0, 0, 0, 0, 0, 0, 0, 0, 0, 0, 0, 0, 0, 0, 0, 0, 0, 0, 0, 0, 0, 0, 
0.43, 0.957891, 0.957891, 0.957891, 0.957891, 0.957891, 0.957891, 0.957891, 0.957891, 0.957891, 0.957891, 0.957891, 0.957891, 0.957891, 0.957891, 0.957891, 0.957891, 0.957891, 0.957891, 0.957891, 0.957891, 0.957891, 0.957891, 0.957891, 0.957891, 0.957891, 0.957891, 0.957891, 0.957891, 0.957891, 0.957891, 0.957891, 0.957891, 0.957891, 0.957891, 0.957891, 0.957891, 0.957891, 0.957891, 0.957891, 0.957891, 0.957891, 0.957891, 0.957891, 0.957891, 0.957891, 0.957891, 0.957891, 0.957891, 0.957891, 0.957891, 0, 0, 0, 0, 0, 0, 0, 0, 0, 0, 0, 0, 0, 0, 0, 0, 0, 0, 0, 0, 0, 0, 0, 0, 0, 0, 0, 0, 0, 0, 0, 0, 0, 0, 0, 0, 0, 0, 0, 0, 0, 0, 0, 0, 0, 0, 0, 0, 0, 0, 
0.44, 0.956933, 0.956933, 0.956933, 0.956933, 0.956933, 0.956933, 0.956933, 0.956933, 0.956933, 0.956933, 0.956933, 0.956933, 0.956933, 0.956933, 0.956933, 0.956933, 0.956933, 0.956933, 0.956933, 0.956933, 0.956933, 0.956933, 0.956933, 0.956933, 0.956933, 0.956933, 0.956933, 0.956933, 0.956933, 0.956933, 0.956933, 0.956933, 0.956933, 0.956933, 0.956933, 0.956933, 0.956933, 0.956933, 0.956933, 0.956933, 0.956933, 0.956933, 0.956933, 0.956933, 0.956933, 0.956933, 0.956933, 0.956933, 0.956933, 0.956933, 0, 0, 0, 0, 0, 0, 0, 0, 0, 0, 0, 0, 0, 0, 0, 0, 0, 0, 0, 0, 0, 0, 0, 0, 0, 0, 0, 0, 0, 0, 0, 0, 0, 0, 0, 0, 0, 0, 0, 0, 0, 0, 0, 0, 0, 0, 0, 0, 0, 0, 
0.45, 0.955976, 0.955976, 0.955976, 0.955976, 0.955976, 0.955976, 0.955976, 0.955976, 0.955976, 0.955976, 0.955976, 0.955976, 0.955976, 0.955976, 0.955976, 0.955976, 0.955976, 0.955976, 0.955976, 0.955976, 0.955976, 0.955976, 0.955976, 0.955976, 0.955976, 0.955976, 0.955976, 0.955976, 0.955976, 0.955976, 0.955976, 0.955976, 0.955976, 0.955976, 0.955976, 0.955976, 0.955976, 0.955976, 0.955976, 0.955976, 0.955976, 0.955976, 0.955976, 0.955976, 0.955976, 0.955976, 0.955976, 0.955976, 0.955976, 0.955976, 0, 0, 0, 0, 0, 0, 0, 0, 0, 0, 0, 0, 0, 0, 0, 0, 0, 0, 0, 0, 0, 0, 0, 0, 0, 0, 0, 0, 0, 0, 0, 0, 0, 0, 0, 0, 0, 0, 0, 0, 0, 0, 0, 0, 0, 0, 0, 0, 0, 0, 
0.46, 0.95502, 0.95502, 0.95502, 0.95502, 0.95502, 0.95502, 0.95502, 0.95502, 0.95502, 0.95502, 0.95502, 0.95502, 0.95502, 0.95502, 0.95502, 0.95502, 0.95502, 0.95502, 0.95502, 0.95502, 0.95502, 0.95502, 0.95502, 0.95502, 0.95502, 0.95502, 0.95502, 0.95502, 0.95502, 0.95502, 0.95502, 0.95502, 0.95502, 0.95502, 0.95502, 0.95502, 0.95502, 0.95502, 0.95502, 0.95502, 0.95502, 0.95502, 0.95502, 0.95502, 0.95502, 0.95502, 0.95502, 0.95502, 0.95502, 0.95502, 0, 0, 0, 0, 0, 0, 0, 0, 0, 0, 0, 0, 0, 0, 0, 0, 0, 0, 0, 0, 0, 0, 0, 0, 0, 0, 0, 0, 0, 0, 0, 0, 0, 0, 0, 0, 0, 0, 0, 0, 0, 0, 0, 0, 0, 0, 0, 0, 0, 0, 
0.47, 0.954065, 0.954065, 0.954065, 0.954065, 0.954065, 0.954065, 0.954065, 0.954065, 0.954065, 0.954065, 0.954065, 0.954065, 0.954065, 0.954065, 0.954065, 0.954065, 0.954065, 0.954065, 0.954065, 0.954065, 0.954065, 0.954065, 0.954065, 0.954065, 0.954065, 0.954065, 0.954065, 0.954065, 0.954065, 0.954065, 0.954065, 0.954065, 0.954065, 0.954065, 0.954065, 0.954065, 0.954065, 0.954065, 0.954065, 0.954065, 0.954065, 0.954065, 0.954065, 0.954065, 0.954065, 0.954065, 0.954065, 0.954065, 0.954065, 0.954065, 0, 0, 0, 0, 0, 0, 0, 0, 0, 0, 0, 0, 0, 0, 0, 0, 0, 0, 0, 0, 0, 0, 0, 0, 0, 0, 0, 0, 0, 0, 0, 0, 0, 0, 0, 0, 0, 0, 0, 0, 0, 0, 0, 0, 0, 0, 0, 0, 0, 0, 
0.48, 0.953111, 0.953111, 0.953111, 0.953111, 0.953111, 0.953111, 0.953111, 0.953111, 0.953111, 0.953111, 0.953111, 0.953111, 0.953111, 0.953111, 0.953111, 0.953111, 0.953111, 0.953111, 0.953111, 0.953111, 0.953111, 0.953111, 0.953111, 0.953111, 0.953111, 0.953111, 0.953111, 0.953111, 0.953111, 0.953111, 0.953111, 0.953111, 0.953111, 0.953111, 0.953111, 0.953111, 0.953111, 0.953111, 0.953111, 0.953111, 0.953111, 0.953111, 0.953111, 0.953111, 0.953111, 0.953111, 0.953111, 0.953111, 0.953111, 0.953111, 0, 0, 0, 0, 0, 0, 0, 0, 0, 0, 0, 0, 0, 0, 0, 0, 0, 0, 0, 0, 0, 0, 0, 0, 0, 0, 0, 0, 0, 0, 0, 0, 0, 0, 0, 0, 0, 0, 0, 0, 0, 0, 0, 0, 0, 0, 0, 0, 0, 0, 
0.49, 0.952158, 0.952158, 0.952158, 0.952158, 0.952158, 0.952158, 0.952158, 0.952158, 0.952158, 0.952158, 0.952158, 0.952158, 0.952158, 0.952158, 0.952158, 0.952158, 0.952158, 0.952158, 0.952158, 0.952158, 0.952158, 0.952158, 0.952158, 0.952158, 0.952158, 0.952158, 0.952158, 0.952158, 0.952158, 0.952158, 0.952158, 0.952158, 0.952158, 0.952158, 0.952158, 0.952158, 0.952158, 0.952158, 0.952158, 0.952158, 0.952158, 0.952158, 0.952158, 0.952158, 0.952158, 0.952158, 0.952158, 0.952158, 0.952158, 0.952158, 0, 0, 0, 0, 0, 0, 0, 0, 0, 0, 0, 0, 0, 0, 0, 0, 0, 0, 0, 0, 0, 0, 0, 0, 0, 0, 0, 0, 0, 0, 0, 0, 0, 0, 0, 0, 0, 0, 0, 0, 0, 0, 0, 0, 0, 0, 0, 0, 0, 0, 
0.5, 0.951206, 0.951206, 0.951206, 0.951206, 0.951206, 0.951206, 0.951206, 0.951206, 0.951206, 0.951206, 0.951206, 0.951206, 0.951206, 0.951206, 0.951206, 0.951206, 0.951206, 0.951206, 0.951206, 0.951206, 0.951206, 0.951206, 0.951206, 0.951206, 0.951206, 0.951206, 0.951206, 0.951206, 0.951206, 0.951206, 0.951206, 0.951206, 0.951206, 0.951206, 0.951206, 0.951206, 0.951206, 0.951206, 0.951206, 0.951206, 0.951206, 0.951206, 0.951206, 0.951206, 0.951206, 0.951206, 0.951206, 0.951206, 0.951206, 0.951206, 0, 0, 0, 0, 0, 0, 0, 0, 0, 0, 0, 0, 0, 0, 0, 0, 0, 0, 0, 0, 0, 0, 0, 0, 0, 0, 0, 0, 0, 0, 0, 0, 0, 0, 0, 0, 0, 0, 0, 0, 0, 0, 0, 0, 0, 0, 0, 0, 0, 0, 
0.51, 0.950254, 0.950254, 0.950254, 0.950254, 0.950254, 0.950254, 0.950254, 0.950254, 0.950254, 0.950254, 0.950254, 0.950254, 0.950254, 0.950254, 0.950254, 0.950254, 0.950254, 0.950254, 0.950254, 0.950254, 0.950254, 0.950254, 0.950254, 0.950254, 0.950254, 0.950254, 0.950254, 0.950254, 0.950254, 0.950254, 0.950254, 0.950254, 0.950254, 0.950254, 0.950254, 0.950254, 0.950254, 0.950254, 0.950254, 0.950254, 0.950254, 0.950254, 0.950254, 0.950254, 0.950254, 0.950254, 0.950254, 0.950254, 0.950254, 0.950254, 0, 0, 0, 0, 0, 0, 0, 0, 0, 0, 0, 0, 0, 0, 0, 0, 0, 0, 0, 0, 0, 0, 0, 0, 0, 0, 0, 0, 0, 0, 0, 0, 0, 0, 0, 0, 0, 0, 0, 0, 0, 0, 0, 0, 0, 0, 0, 0, 0, 0, 
0.52, 0.949304, 0.949304, 0.949304, 0.949304, 0.949304, 0.949304, 0.949304, 0.949304, 0.949304, 0.949304, 0.949304, 0.949304, 0.949304, 0.949304, 0.949304, 0.949304, 0.949304, 0.949304, 0.949304, 0.949304, 0.949304, 0.949304, 0.949304, 0.949304, 0.949304, 0.949304, 0.949304, 0.949304, 0.949304, 0.949304, 0.949304, 0.949304, 0.949304, 0.949304, 0.949304, 0.949304, 0.949304, 0.949304, 0.949304, 0.949304, 0.949304, 0.949304, 0.949304, 0.949304, 0.949304, 0.949304, 0.949304, 0.949304, 0.949304, 0.949304, 0, 0, 0, 0, 0, 0, 0, 0, 0, 0, 0, 0, 0, 0, 0, 0, 0, 0, 0, 0, 0, 0, 0, 0, 0, 0, 0, 0, 0, 0, 0, 0, 0, 0, 0, 0, 0, 0, 0, 0, 0, 0, 0, 0, 0, 0, 0, 0, 0, 0, 
0.53, 0.948355, 0.948355, 0.948355, 0.948355, 0.948355, 0.948355, 0.948355, 0.948355, 0.948355, 0.948355, 0.948355, 0.948355, 0.948355, 0.948355, 0.948355, 0.948355, 0.948355, 0.948355, 0.948355, 0.948355, 0.948355, 0.948355, 0.948355, 0.948355, 0.948355, 0.948355, 0.948355, 0.948355, 0.948355, 0.948355, 0.948355, 0.948355, 0.948355, 0.948355, 0.948355, 0.948355, 0.948355, 0.948355, 0.948355, 0.948355, 0.948355, 0.948355, 0.948355, 0.948355, 0.948355, 0.948355, 0.948355, 0.948355, 0.948355, 0.948355, 0, 0, 0, 0, 0, 0, 0, 0, 0, 0, 0, 0, 0, 0, 0, 0, 0, 0, 0, 0, 0, 0, 0, 0, 0, 0, 0, 0, 0, 0, 0, 0, 0, 0, 0, 0, 0, 0, 0, 0, 0, 0, 0, 0, 0, 0, 0, 0, 0, 0, 
0.54, 0.947407, 0.947407, 0.947407, 0.947407, 0.947407, 0.947407, 0.947407, 0.947407, 0.947407, 0.947407, 0.947407, 0.947407, 0.947407, 0.947407, 0.947407, 0.947407, 0.947407, 0.947407, 0.947407, 0.947407, 0.947407, 0.947407, 0.947407, 0.947407, 0.947407, 0.947407, 0.947407, 0.947407, 0.947407, 0.947407, 0.947407, 0.947407, 0.947407, 0.947407, 0.947407, 0.947407, 0.947407, 0.947407, 0.947407, 0.947407, 0.947407, 0.947407, 0.947407, 0.947407, 0.947407, 0.947407, 0.947407, 0.947407, 0.947407, 0.947407, 0, 0, 0, 0, 0, 0, 0, 0, 0, 0, 0, 0, 0, 0, 0, 0, 0, 0, 0, 0, 0, 0, 0, 0, 0, 0, 0, 0, 0, 0, 0, 0, 0, 0, 0, 0, 0, 0, 0, 0, 0, 0, 0, 0, 0, 0, 0, 0, 0, 0, 
0.55, 0.946459, 0.946459, 0.946459, 0.946459, 0.946459, 0.946459, 0.946459, 0.946459, 0.946459, 0.946459, 0.946459, 0.946459, 0.946459, 0.946459, 0.946459, 0.946459, 0.946459, 0.946459, 0.946459, 0.946459, 0.946459, 0.946459, 0.946459, 0.946459, 0.946459, 0.946459, 0.946459, 0.946459, 0.946459, 0.946459, 0.946459, 0.946459, 0.946459, 0.946459, 0.946459, 0.946459, 0.946459, 0.946459, 0.946459, 0.946459, 0.946459, 0.946459, 0.946459, 0.946459, 0.946459, 0.946459, 0.946459, 0.946459, 0.946459, 0.946459, 0, 0, 0, 0, 0, 0, 0, 0, 0, 0, 0, 0, 0, 0, 0, 0, 0, 0, 0, 0, 0, 0, 0, 0, 0, 0, 0, 0, 0, 0, 0, 0, 0, 0, 0, 0, 0, 0, 0, 0, 0, 0, 0, 0, 0, 0, 0, 0, 0, 0, 
0.56, 0.945513, 0.945513, 0.945513, 0.945513, 0.945513, 0.945513, 0.945513, 0.945513, 0.945513, 0.945513, 0.945513, 0.945513, 0.945513, 0.945513, 0.945513, 0.945513, 0.945513, 0.945513, 0.945513, 0.945513, 0.945513, 0.945513, 0.945513, 0.945513, 0.945513, 0.945513, 0.945513, 0.945513, 0.945513, 0.945513, 0.945513, 0.945513, 0.945513, 0.945513, 0.945513, 0.945513, 0.945513, 0.945513, 0.945513, 0.945513, 0.945513, 0.945513, 0.945513, 0.945513, 0.945513, 0.945513, 0.945513, 0.945513, 0.945513, 0.945513, 0, 0, 0, 0, 0, 0, 0, 0, 0, 0, 0, 0, 0, 0, 0, 0, 0, 0, 0, 0, 0, 0, 0, 0, 0, 0, 0, 0, 0, 0, 0, 0, 0, 0, 0, 0, 0, 0, 0, 0, 0, 0, 0, 0, 0, 0, 0, 0, 0, 0, 
0.57, 0.944567, 0.944567, 0.944567, 0.944567, 0.944567, 0.944567, 0.944567, 0.944567, 0.944567, 0.944567, 0.944567, 0.944567, 0.944567, 0.944567, 0.944567, 0.944567, 0.944567, 0.944567, 0.944567, 0.944567, 0.944567, 0.944567, 0.944567, 0.944567, 0.944567, 0.944567, 0.944567, 0.944567, 0.944567, 0.944567, 0.944567, 0.944567, 0.944567, 0.944567, 0.944567, 0.944567, 0.944567, 0.944567, 0.944567, 0.944567, 0.944567, 0.944567, 0.944567, 0.944567, 0.944567, 0.944567, 0.944567, 0.944567, 0.944567, 0.944567, 0, 0, 0, 0, 0, 0, 0, 0, 0, 0, 0, 0, 0, 0, 0, 0, 0, 0, 0, 0, 0, 0, 0, 0, 0, 0, 0, 0, 0, 0, 0, 0, 0, 0, 0, 0, 0, 0, 0, 0, 0, 0, 0, 0, 0, 0, 0, 0, 0, 0, 
0.58, 0.943623, 0.943623, 0.943623, 0.943623, 0.943623, 0.943623, 0.943623, 0.943623, 0.943623, 0.943623, 0.943623, 0.943623, 0.943623, 0.943623, 0.943623, 0.943623, 0.943623, 0.943623, 0.943623, 0.943623, 0.943623, 0.943623, 0.943623, 0.943623, 0.943623, 0.943623, 0.943623, 0.943623, 0.943623, 0.943623, 0.943623, 0.943623, 0.943623, 0.943623, 0.943623, 0.943623, 0.943623, 0.943623, 0.943623, 0.943623, 0.943623, 0.943623, 0.943623, 0.943623, 0.943623, 0.943623, 0.943623, 0.943623, 0.943623, 0.943623, 0, 0, 0, 0, 0, 0, 0, 0, 0, 0, 0, 0, 0, 0, 0, 0, 0, 0, 0, 0, 0, 0, 0, 0, 0, 0, 0, 0, 0, 0, 0, 0, 0, 0, 0, 0, 0, 0, 0, 0, 0, 0, 0, 0, 0, 0, 0, 0, 0, 0, 
0.59, 0.942679, 0.942679, 0.942679, 0.942679, 0.942679, 0.942679, 0.942679, 0.942679, 0.942679, 0.942679, 0.942679, 0.942679, 0.942679, 0.942679, 0.942679, 0.942679, 0.942679, 0.942679, 0.942679, 0.942679, 0.942679, 0.942679, 0.942679, 0.942679, 0.942679, 0.942679, 0.942679, 0.942679, 0.942679, 0.942679, 0.942679, 0.942679, 0.942679, 0.942679, 0.942679, 0.942679, 0.942679, 0.942679, 0.942679, 0.942679, 0.942679, 0.942679, 0.942679, 0.942679, 0.942679, 0.942679, 0.942679, 0.942679, 0.942679, 0.942679, 0, 0, 0, 0, 0, 0, 0, 0, 0, 0, 0, 0, 0, 0, 0, 0, 0, 0, 0, 0, 0, 0, 0, 0, 0, 0, 0, 0, 0, 0, 0, 0, 0, 0, 0, 0, 0, 0, 0, 0, 0, 0, 0, 0, 0, 0, 0, 0, 0, 0, 
0.6, 0.941736, 0.941736, 0.941736, 0.941736, 0.941736, 0.941736, 0.941736, 0.941736, 0.941736, 0.941736, 0.941736, 0.941736, 0.941736, 0.941736, 0.941736, 0.941736, 0.941736, 0.941736, 0.941736, 0.941736, 0.941736, 0.941736, 0.941736, 0.941736, 0.941736, 0.941736, 0.941736, 0.941736, 0.941736, 0.941736, 0.941736, 0.941736, 0.941736, 0.941736, 0.941736, 0.941736, 0.941736, 0.941736, 0.941736, 0.941736, 0.941736, 0.941736, 0.941736, 0.941736, 0.941736, 0.941736, 0.941736, 0.941736, 0.941736, 0.941736, 0, 0, 0, 0, 0, 0, 0, 0, 0, 0, 0, 0, 0, 0, 0, 0, 0, 0, 0, 0, 0, 0, 0, 0, 0, 0, 0, 0, 0, 0, 0, 0, 0, 0, 0, 0, 0, 0, 0, 0, 0, 0, 0, 0, 0, 0, 0, 0, 0, 0, 
0.61, 0.940795, 0.940795, 0.940795, 0.940795, 0.940795, 0.940795, 0.940795, 0.940795, 0.940795, 0.940795, 0.940795, 0.940795, 0.940795, 0.940795, 0.940795, 0.940795, 0.940795, 0.940795, 0.940795, 0.940795, 0.940795, 0.940795, 0.940795, 0.940795, 0.940795, 0.940795, 0.940795, 0.940795, 0.940795, 0.940795, 0.940795, 0.940795, 0.940795, 0.940795, 0.940795, 0.940795, 0.940795, 0.940795, 0.940795, 0.940795, 0.940795, 0.940795, 0.940795, 0.940795, 0.940795, 0.940795, 0.940795, 0.940795, 0.940795, 0.940795, 0, 0, 0, 0, 0, 0, 0, 0, 0, 0, 0, 0, 0, 0, 0, 0, 0, 0, 0, 0, 0, 0, 0, 0, 0, 0, 0, 0, 0, 0, 0, 0, 0, 0, 0, 0, 0, 0, 0, 0, 0, 0, 0, 0, 0, 0, 0, 0, 0, 0, 
0.62, 0.939854, 0.939854, 0.939854, 0.939854, 0.939854, 0.939854, 0.939854, 0.939854, 0.939854, 0.939854, 0.939854, 0.939854, 0.939854, 0.939854, 0.939854, 0.939854, 0.939854, 0.939854, 0.939854, 0.939854, 0.939854, 0.939854, 0.939854, 0.939854, 0.939854, 0.939854, 0.939854, 0.939854, 0.939854, 0.939854, 0.939854, 0.939854, 0.939854, 0.939854, 0.939854, 0.939854, 0.939854, 0.939854, 0.939854, 0.939854, 0.939854, 0.939854, 0.939854, 0.939854, 0.939854, 0.939854, 0.939854, 0.939854, 0.939854, 0.939854, 0, 0, 0, 0, 0, 0, 0, 0, 0, 0, 0, 0, 0, 0, 0, 0, 0, 0, 0, 0, 0, 0, 0, 0, 0, 0, 0, 0, 0, 0, 0, 0, 0, 0, 0, 0, 0, 0, 0, 0, 0, 0, 0, 0, 0, 0, 0, 0, 0, 0, 
0.63, 0.938914, 0.938914, 0.938914, 0.938914, 0.938914, 0.938914, 0.938914, 0.938914, 0.938914, 0.938914, 0.938914, 0.938914, 0.938914, 0.938914, 0.938914, 0.938914, 0.938914, 0.938914, 0.938914, 0.938914, 0.938914, 0.938914, 0.938914, 0.938914, 0.938914, 0.938914, 0.938914, 0.938914, 0.938914, 0.938914, 0.938914, 0.938914, 0.938914, 0.938914, 0.938914, 0.938914, 0.938914, 0.938914, 0.938914, 0.938914, 0.938914, 0.938914, 0.938914, 0.938914, 0.938914, 0.938914, 0.938914, 0.938914, 0.938914, 0.938914, 0, 0, 0, 0, 0, 0, 0, 0, 0, 0, 0, 0, 0, 0, 0, 0, 0, 0, 0, 0, 0, 0, 0, 0, 0, 0, 0, 0, 0, 0, 0, 0, 0, 0, 0, 0, 0, 0, 0, 0, 0, 0, 0, 0, 0, 0, 0, 0, 0, 0, 
0.64, 0.937975, 0.937975, 0.937975, 0.937975, 0.937975, 0.937975, 0.937975, 0.937975, 0.937975, 0.937975, 0.937975, 0.937975, 0.937975, 0.937975, 0.937975, 0.937975, 0.937975, 0.937975, 0.937975, 0.937975, 0.937975, 0.937975, 0.937975, 0.937975, 0.937975, 0.937975, 0.937975, 0.937975, 0.937975, 0.937975, 0.937975, 0.937975, 0.937975, 0.937975, 0.937975, 0.937975, 0.937975, 0.937975, 0.937975, 0.937975, 0.937975, 0.937975, 0.937975, 0.937975, 0.937975, 0.937975, 0.937975, 0.937975, 0.937975, 0.937975, 0, 0, 0, 0, 0, 0, 0, 0, 0, 0, 0, 0, 0, 0, 0, 0, 0, 0, 0, 0, 0, 0, 0, 0, 0, 0, 0, 0, 0, 0, 0, 0, 0, 0, 0, 0, 0, 0, 0, 0, 0, 0, 0, 0, 0, 0, 0, 0, 0, 0, 
0.65, 0.937037, 0.937037, 0.937037, 0.937037, 0.937037, 0.937037, 0.937037, 0.937037, 0.937037, 0.937037, 0.937037, 0.937037, 0.937037, 0.937037, 0.937037, 0.937037, 0.937037, 0.937037, 0.937037, 0.937037, 0.937037, 0.937037, 0.937037, 0.937037, 0.937037, 0.937037, 0.937037, 0.937037, 0.937037, 0.937037, 0.937037, 0.937037, 0.937037, 0.937037, 0.937037, 0.937037, 0.937037, 0.937037, 0.937037, 0.937037, 0.937037, 0.937037, 0.937037, 0.937037, 0.937037, 0.937037, 0.937037, 0.937037, 0.937037, 0.937037, 0, 0, 0, 0, 0, 0, 0, 0, 0, 0, 0, 0, 0, 0, 0, 0, 0, 0, 0, 0, 0, 0, 0, 0, 0, 0, 0, 0, 0, 0, 0, 0, 0, 0, 0, 0, 0, 0, 0, 0, 0, 0, 0, 0, 0, 0, 0, 0, 0, 0, 
0.66, 0.9361, 0.9361, 0.9361, 0.9361, 0.9361, 0.9361, 0.9361, 0.9361, 0.9361, 0.9361, 0.9361, 0.9361, 0.9361, 0.9361, 0.9361, 0.9361, 0.9361, 0.9361, 0.9361, 0.9361, 0.9361, 0.9361, 0.9361, 0.9361, 0.9361, 0.9361, 0.9361, 0.9361, 0.9361, 0.9361, 0.9361, 0.9361, 0.9361, 0.9361, 0.9361, 0.9361, 0.9361, 0.9361, 0.9361, 0.9361, 0.9361, 0.9361, 0.9361, 0.9361, 0.9361, 0.9361, 0.9361, 0.9361, 0.9361, 0.9361, 0, 0, 0, 0, 0, 0, 0, 0, 0, 0, 0, 0, 0, 0, 0, 0, 0, 0, 0, 0, 0, 0, 0, 0, 0, 0, 0, 0, 0, 0, 0, 0, 0, 0, 0, 0, 0, 0, 0, 0, 0, 0, 0, 0, 0, 0, 0, 0, 0, 0, 
0.67, 0.935164, 0.935164, 0.935164, 0.935164, 0.935164, 0.935164, 0.935164, 0.935164, 0.935164, 0.935164, 0.935164, 0.935164, 0.935164, 0.935164, 0.935164, 0.935164, 0.935164, 0.935164, 0.935164, 0.935164, 0.935164, 0.935164, 0.935164, 0.935164, 0.935164, 0.935164, 0.935164, 0.935164, 0.935164, 0.935164, 0.935164, 0.935164, 0.935164, 0.935164, 0.935164, 0.935164, 0.935164, 0.935164, 0.935164, 0.935164, 0.935164, 0.935164, 0.935164, 0.935164, 0.935164, 0.935164, 0.935164, 0.935164, 0.935164, 0.935164, 0, 0, 0, 0, 0, 0, 0, 0, 0, 0, 0, 0, 0, 0, 0, 0, 0, 0, 0, 0, 0, 0, 0, 0, 0, 0, 0, 0, 0, 0, 0, 0, 0, 0, 0, 0, 0, 0, 0, 0, 0, 0, 0, 0, 0, 0, 0, 0, 0, 0, 
0.68, 0.934229, 0.934229, 0.934229, 0.934229, 0.934229, 0.934229, 0.934229, 0.934229, 0.934229, 0.934229, 0.934229, 0.934229, 0.934229, 0.934229, 0.934229, 0.934229, 0.934229, 0.934229, 0.934229, 0.934229, 0.934229, 0.934229, 0.934229, 0.934229, 0.934229, 0.934229, 0.934229, 0.934229, 0.934229, 0.934229, 0.934229, 0.934229, 0.934229, 0.934229, 0.934229, 0.934229, 0.934229, 0.934229, 0.934229, 0.934229, 0.934229, 0.934229, 0.934229, 0.934229, 0.934229, 0.934229, 0.934229, 0.934229, 0.934229, 0.934229, 0, 0, 0, 0, 0, 0, 0, 0, 0, 0, 0, 0, 0, 0, 0, 0, 0, 0, 0, 0, 0, 0, 0, 0, 0, 0, 0, 0, 0, 0, 0, 0, 0, 0, 0, 0, 0, 0, 0, 0, 0, 0, 0, 0, 0, 0, 0, 0, 0, 0, 
0.69, 0.933294, 0.933294, 0.933294, 0.933294, 0.933294, 0.933294, 0.933294, 0.933294, 0.933294, 0.933294, 0.933294, 0.933294, 0.933294, 0.933294, 0.933294, 0.933294, 0.933294, 0.933294, 0.933294, 0.933294, 0.933294, 0.933294, 0.933294, 0.933294, 0.933294, 0.933294, 0.933294, 0.933294, 0.933294, 0.933294, 0.933294, 0.933294, 0.933294, 0.933294, 0.933294, 0.933294, 0.933294, 0.933294, 0.933294, 0.933294, 0.933294, 0.933294, 0.933294, 0.933294, 0.933294, 0.933294, 0.933294, 0.933294, 0.933294, 0.933294, 0, 0, 0, 0, 0, 0, 0, 0, 0, 0, 0, 0, 0, 0, 0, 0, 0, 0, 0, 0, 0, 0, 0, 0, 0, 0, 0, 0, 0, 0, 0, 0, 0, 0, 0, 0, 0, 0, 0, 0, 0, 0, 0, 0, 0, 0, 0, 0, 0, 0, 
0.7, 0.932361, 0.932361, 0.932361, 0.932361, 0.932361, 0.932361, 0.932361, 0.932361, 0.932361, 0.932361, 0.932361, 0.932361, 0.932361, 0.932361, 0.932361, 0.932361, 0.932361, 0.932361, 0.932361, 0.932361, 0.932361, 0.932361, 0.932361, 0.932361, 0.932361, 0.932361, 0.932361, 0.932361, 0.932361, 0.932361, 0.932361, 0.932361, 0.932361, 0.932361, 0.932361, 0.932361, 0.932361, 0.932361, 0.932361, 0.932361, 0.932361, 0.932361, 0.932361, 0.932361, 0.932361, 0.932361, 0.932361, 0.932361, 0.932361, 0.932361, 0, 0, 0, 0, 0, 0, 0, 0, 0, 0, 0, 0, 0, 0, 0, 0, 0, 0, 0, 0, 0, 0, 0, 0, 0, 0, 0, 0, 0, 0, 0, 0, 0, 0, 0, 0, 0, 0, 0, 0, 0, 0, 0, 0, 0, 0, 0, 0, 0, 0, 
0.71, 0.931429, 0.931429, 0.931429, 0.931429, 0.931429, 0.931429, 0.931429, 0.931429, 0.931429, 0.931429, 0.931429, 0.931429, 0.931429, 0.931429, 0.931429, 0.931429, 0.931429, 0.931429, 0.931429, 0.931429, 0.931429, 0.931429, 0.931429, 0.931429, 0.931429, 0.931429, 0.931429, 0.931429, 0.931429, 0.931429, 0.931429, 0.931429, 0.931429, 0.931429, 0.931429, 0.931429, 0.931429, 0.931429, 0.931429, 0.931429, 0.931429, 0.931429, 0.931429, 0.931429, 0.931429, 0.931429, 0.931429, 0.931429, 0.931429, 0.931429, 0, 0, 0, 0, 0, 0, 0, 0, 0, 0, 0, 0, 0, 0, 0, 0, 0, 0, 0, 0, 0, 0, 0, 0, 0, 0, 0, 0, 0, 0, 0, 0, 0, 0, 0, 0, 0, 0, 0, 0, 0, 0, 0, 0, 0, 0, 0, 0, 0, 0, 
0.72, 0.930497, 0.930497, 0.930497, 0.930497, 0.930497, 0.930497, 0.930497, 0.930497, 0.930497, 0.930497, 0.930497, 0.930497, 0.930497, 0.930497, 0.930497, 0.930497, 0.930497, 0.930497, 0.930497, 0.930497, 0.930497, 0.930497, 0.930497, 0.930497, 0.930497, 0.930497, 0.930497, 0.930497, 0.930497, 0.930497, 0.930497, 0.930497, 0.930497, 0.930497, 0.930497, 0.930497, 0.930497, 0.930497, 0.930497, 0.930497, 0.930497, 0.930497, 0.930497, 0.930497, 0.930497, 0.930497, 0.930497, 0.930497, 0.930497, 0.930497, 0, 0, 0, 0, 0, 0, 0, 0, 0, 0, 0, 0, 0, 0, 0, 0, 0, 0, 0, 0, 0, 0, 0, 0, 0, 0, 0, 0, 0, 0, 0, 0, 0, 0, 0, 0, 0, 0, 0, 0, 0, 0, 0, 0, 0, 0, 0, 0, 0, 0, 
0.73, 0.929567, 0.929567, 0.929567, 0.929567, 0.929567, 0.929567, 0.929567, 0.929567, 0.929567, 0.929567, 0.929567, 0.929567, 0.929567, 0.929567, 0.929567, 0.929567, 0.929567, 0.929567, 0.929567, 0.929567, 0.929567, 0.929567, 0.929567, 0.929567, 0.929567, 0.929567, 0.929567, 0.929567, 0.929567, 0.929567, 0.929567, 0.929567, 0.929567, 0.929567, 0.929567, 0.929567, 0.929567, 0.929567, 0.929567, 0.929567, 0.929567, 0.929567, 0.929567, 0.929567, 0.929567, 0.929567, 0.929567, 0.929567, 0.929567, 0.929567, 0, 0, 0, 0, 0, 0, 0, 0, 0, 0, 0, 0, 0, 0, 0, 0, 0, 0, 0, 0, 0, 0, 0, 0, 0, 0, 0, 0, 0, 0, 0, 0, 0, 0, 0, 0, 0, 0, 0, 0, 0, 0, 0, 0, 0, 0, 0, 0, 0, 0, 
0.74, 0.928637, 0.928637, 0.928637, 0.928637, 0.928637, 0.928637, 0.928637, 0.928637, 0.928637, 0.928637, 0.928637, 0.928637, 0.928637, 0.928637, 0.928637, 0.928637, 0.928637, 0.928637, 0.928637, 0.928637, 0.928637, 0.928637, 0.928637, 0.928637, 0.928637, 0.928637, 0.928637, 0.928637, 0.928637, 0.928637, 0.928637, 0.928637, 0.928637, 0.928637, 0.928637, 0.928637, 0.928637, 0.928637, 0.928637, 0.928637, 0.928637, 0.928637, 0.928637, 0.928637, 0.928637, 0.928637, 0.928637, 0.928637, 0.928637, 0.928637, 0, 0, 0, 0, 0, 0, 0, 0, 0, 0, 0, 0, 0, 0, 0, 0, 0, 0, 0, 0, 0, 0, 0, 0, 0, 0, 0, 0, 0, 0, 0, 0, 0, 0, 0, 0, 0, 0, 0, 0, 0, 0, 0, 0, 0, 0, 0, 0, 0, 0, 
0.75, 0.927709, 0.927709, 0.927709, 0.927709, 0.927709, 0.927709, 0.927709, 0.927709, 0.927709, 0.927709, 0.927709, 0.927709, 0.927709, 0.927709, 0.927709, 0.927709, 0.927709, 0.927709, 0.927709, 0.927709, 0.927709, 0.927709, 0.927709, 0.927709, 0.927709, 0.927709, 0.927709, 0.927709, 0.927709, 0.927709, 0.927709, 0.927709, 0.927709, 0.927709, 0.927709, 0.927709, 0.927709, 0.927709, 0.927709, 0.927709, 0.927709, 0.927709, 0.927709, 0.927709, 0.927709, 0.927709, 0.927709, 0.927709, 0.927709, 0.927709, 0, 0, 0, 0, 0, 0, 0, 0, 0, 0, 0, 0, 0, 0, 0, 0, 0, 0, 0, 0, 0, 0, 0, 0, 0, 0, 0, 0, 0, 0, 0, 0, 0, 0, 0, 0, 0, 0, 0, 0, 0, 0, 0, 0, 0, 0, 0, 0, 0, 0, 
0.76, 0.926781, 0.926781, 0.926781, 0.926781, 0.926781, 0.926781, 0.926781, 0.926781, 0.926781, 0.926781, 0.926781, 0.926781, 0.926781, 0.926781, 0.926781, 0.926781, 0.926781, 0.926781, 0.926781, 0.926781, 0.926781, 0.926781, 0.926781, 0.926781, 0.926781, 0.926781, 0.926781, 0.926781, 0.926781, 0.926781, 0.926781, 0.926781, 0.926781, 0.926781, 0.926781, 0.926781, 0.926781, 0.926781, 0.926781, 0.926781, 0.926781, 0.926781, 0.926781, 0.926781, 0.926781, 0.926781, 0.926781, 0.926781, 0.926781, 0.926781, 0, 0, 0, 0, 0, 0, 0, 0, 0, 0, 0, 0, 0, 0, 0, 0, 0, 0, 0, 0, 0, 0, 0, 0, 0, 0, 0, 0, 0, 0, 0, 0, 0, 0, 0, 0, 0, 0, 0, 0, 0, 0, 0, 0, 0, 0, 0, 0, 0, 0, 
0.77, 0.925854, 0.925854, 0.925854, 0.925854, 0.925854, 0.925854, 0.925854, 0.925854, 0.925854, 0.925854, 0.925854, 0.925854, 0.925854, 0.925854, 0.925854, 0.925854, 0.925854, 0.925854, 0.925854, 0.925854, 0.925854, 0.925854, 0.925854, 0.925854, 0.925854, 0.925854, 0.925854, 0.925854, 0.925854, 0.925854, 0.925854, 0.925854, 0.925854, 0.925854, 0.925854, 0.925854, 0.925854, 0.925854, 0.925854, 0.925854, 0.925854, 0.925854, 0.925854, 0.925854, 0.925854, 0.925854, 0.925854, 0.925854, 0.925854, 0.925854, 0, 0, 0, 0, 0, 0, 0, 0, 0, 0, 0, 0, 0, 0, 0, 0, 0, 0, 0, 0, 0, 0, 0, 0, 0, 0, 0, 0, 0, 0, 0, 0, 0, 0, 0, 0, 0, 0, 0, 0, 0, 0, 0, 0, 0, 0, 0, 0, 0, 0, 
0.78, 0.924928, 0.924928, 0.924928, 0.924928, 0.924928, 0.924928, 0.924928, 0.924928, 0.924928, 0.924928, 0.924928, 0.924928, 0.924928, 0.924928, 0.924928, 0.924928, 0.924928, 0.924928, 0.924928, 0.924928, 0.924928, 0.924928, 0.924928, 0.924928, 0.924928, 0.924928, 0.924928, 0.924928, 0.924928, 0.924928, 0.924928, 0.924928, 0.924928, 0.924928, 0.924928, 0.924928, 0.924928, 0.924928, 0.924928, 0.924928, 0.924928, 0.924928, 0.924928, 0.924928, 0.924928, 0.924928, 0.924928, 0.924928, 0.924928, 0.924928, 0, 0, 0, 0, 0, 0, 0, 0, 0, 0, 0, 0, 0, 0, 0, 0, 0, 0, 0, 0, 0, 0, 0, 0, 0, 0, 0, 0, 0, 0, 0, 0, 0, 0, 0, 0, 0, 0, 0, 0, 0, 0, 0, 0, 0, 0, 0, 0, 0, 0, 
0.79, 0.924003, 0.924003, 0.924003, 0.924003, 0.924003, 0.924003, 0.924003, 0.924003, 0.924003, 0.924003, 0.924003, 0.924003, 0.924003, 0.924003, 0.924003, 0.924003, 0.924003, 0.924003, 0.924003, 0.924003, 0.924003, 0.924003, 0.924003, 0.924003, 0.924003, 0.924003, 0.924003, 0.924003, 0.924003, 0.924003, 0.924003, 0.924003, 0.924003, 0.924003, 0.924003, 0.924003, 0.924003, 0.924003, 0.924003, 0.924003, 0.924003, 0.924003, 0.924003, 0.924003, 0.924003, 0.924003, 0.924003, 0.924003, 0.924003, 0.924003, 0, 0, 0, 0, 0, 0, 0, 0, 0, 0, 0, 0, 0, 0, 0, 0, 0, 0, 0, 0, 0, 0, 0, 0, 0, 0, 0, 0, 0, 0, 0, 0, 0, 0, 0, 0, 0, 0, 0, 0, 0, 0, 0, 0, 0, 0, 0, 0, 0, 0, 
0.8, 0.923079, 0.923079, 0.923079, 0.923079, 0.923079, 0.923079, 0.923079, 0.923079, 0.923079, 0.923079, 0.923079, 0.923079, 0.923079, 0.923079, 0.923079, 0.923079, 0.923079, 0.923079, 0.923079, 0.923079, 0.923079, 0.923079, 0.923079, 0.923079, 0.923079, 0.923079, 0.923079, 0.923079, 0.923079, 0.923079, 0.923079, 0.923079, 0.923079, 0.923079, 0.923079, 0.923079, 0.923079, 0.923079, 0.923079, 0.923079, 0.923079, 0.923079, 0.923079, 0.923079, 0.923079, 0.923079, 0.923079, 0.923079, 0.923079, 0.923079, 0, 0, 0, 0, 0, 0, 0, 0, 0, 0, 0, 0, 0, 0, 0, 0, 0, 0, 0, 0, 0, 0, 0, 0, 0, 0, 0, 0, 0, 0, 0, 0, 0, 0, 0, 0, 0, 0, 0, 0, 0, 0, 0, 0, 0, 0, 0, 0, 0, 0, 
0.81, 0.922156, 0.922156, 0.922156, 0.922156, 0.922156, 0.922156, 0.922156, 0.922156, 0.922156, 0.922156, 0.922156, 0.922156, 0.922156, 0.922156, 0.922156, 0.922156, 0.922156, 0.922156, 0.922156, 0.922156, 0.922156, 0.922156, 0.922156, 0.922156, 0.922156, 0.922156, 0.922156, 0.922156, 0.922156, 0.922156, 0.922156, 0.922156, 0.922156, 0.922156, 0.922156, 0.922156, 0.922156, 0.922156, 0.922156, 0.922156, 0.922156, 0.922156, 0.922156, 0.922156, 0.922156, 0.922156, 0.922156, 0.922156, 0.922156, 0.922156, 0, 0, 0, 0, 0, 0, 0, 0, 0, 0, 0, 0, 0, 0, 0, 0, 0, 0, 0, 0, 0, 0, 0, 0, 0, 0, 0, 0, 0, 0, 0, 0, 0, 0, 0, 0, 0, 0, 0, 0, 0, 0, 0, 0, 0, 0, 0, 0, 0, 0, 
0.82, 0.921234, 0.921234, 0.921234, 0.921234, 0.921234, 0.921234, 0.921234, 0.921234, 0.921234, 0.921234, 0.921234, 0.921234, 0.921234, 0.921234, 0.921234, 0.921234, 0.921234, 0.921234, 0.921234, 0.921234, 0.921234, 0.921234, 0.921234, 0.921234, 0.921234, 0.921234, 0.921234, 0.921234, 0.921234, 0.921234, 0.921234, 0.921234, 0.921234, 0.921234, 0.921234, 0.921234, 0.921234, 0.921234, 0.921234, 0.921234, 0.921234, 0.921234, 0.921234, 0.921234, 0.921234, 0.921234, 0.921234, 0.921234, 0.921234, 0.921234, 0, 0, 0, 0, 0, 0, 0, 0, 0, 0, 0, 0, 0, 0, 0, 0, 0, 0, 0, 0, 0, 0, 0, 0, 0, 0, 0, 0, 0, 0, 0, 0, 0, 0, 0, 0, 0, 0, 0, 0, 0, 0, 0, 0, 0, 0, 0, 0, 0, 0, 
0.83, 0.920313, 0.920313, 0.920313, 0.920313, 0.920313, 0.920313, 0.920313, 0.920313, 0.920313, 0.920313, 0.920313, 0.920313, 0.920313, 0.920313, 0.920313, 0.920313, 0.920313, 0.920313, 0.920313, 0.920313, 0.920313, 0.920313, 0.920313, 0.920313, 0.920313, 0.920313, 0.920313, 0.920313, 0.920313, 0.920313, 0.920313, 0.920313, 0.920313, 0.920313, 0.920313, 0.920313, 0.920313, 0.920313, 0.920313, 0.920313, 0.920313, 0.920313, 0.920313, 0.920313, 0.920313, 0.920313, 0.920313, 0.920313, 0.920313, 0.920313, 0, 0, 0, 0, 0, 0, 0, 0, 0, 0, 0, 0, 0, 0, 0, 0, 0, 0, 0, 0, 0, 0, 0, 0, 0, 0, 0, 0, 0, 0, 0, 0, 0, 0, 0, 0, 0, 0, 0, 0, 0, 0, 0, 0, 0, 0, 0, 0, 0, 0, 
0.84, 0.919393, 0.919393, 0.919393, 0.919393, 0.919393, 0.919393, 0.919393, 0.919393, 0.919393, 0.919393, 0.919393, 0.919393, 0.919393, 0.919393, 0.919393, 0.919393, 0.919393, 0.919393, 0.919393, 0.919393, 0.919393, 0.919393, 0.919393, 0.919393, 0.919393, 0.919393, 0.919393, 0.919393, 0.919393, 0.919393, 0.919393, 0.919393, 0.919393, 0.919393, 0.919393, 0.919393, 0.919393, 0.919393, 0.919393, 0.919393, 0.919393, 0.919393, 0.919393, 0.919393, 0.919393, 0.919393, 0.919393, 0.919393, 0.919393, 0.919393, 0, 0, 0, 0, 0, 0, 0, 0, 0, 0, 0, 0, 0, 0, 0, 0, 0, 0, 0, 0, 0, 0, 0, 0, 0, 0, 0, 0, 0, 0, 0, 0, 0, 0, 0, 0, 0, 0, 0, 0, 0, 0, 0, 0, 0, 0, 0, 0, 0, 0, 
0.85, 0.918473, 0.918473, 0.918473, 0.918473, 0.918473, 0.918473, 0.918473, 0.918473, 0.918473, 0.918473, 0.918473, 0.918473, 0.918473, 0.918473, 0.918473, 0.918473, 0.918473, 0.918473, 0.918473, 0.918473, 0.918473, 0.918473, 0.918473, 0.918473, 0.918473, 0.918473, 0.918473, 0.918473, 0.918473, 0.918473, 0.918473, 0.918473, 0.918473, 0.918473, 0.918473, 0.918473, 0.918473, 0.918473, 0.918473, 0.918473, 0.918473, 0.918473, 0.918473, 0.918473, 0.918473, 0.918473, 0.918473, 0.918473, 0.918473, 0.918473, 0, 0, 0, 0, 0, 0, 0, 0, 0, 0, 0, 0, 0, 0, 0, 0, 0, 0, 0, 0, 0, 0, 0, 0, 0, 0, 0, 0, 0, 0, 0, 0, 0, 0, 0, 0, 0, 0, 0, 0, 0, 0, 0, 0, 0, 0, 0, 0, 0, 0, 
0.86, 0.917555, 0.917555, 0.917555, 0.917555, 0.917555, 0.917555, 0.917555, 0.917555, 0.917555, 0.917555, 0.917555, 0.917555, 0.917555, 0.917555, 0.917555, 0.917555, 0.917555, 0.917555, 0.917555, 0.917555, 0.917555, 0.917555, 0.917555, 0.917555, 0.917555, 0.917555, 0.917555, 0.917555, 0.917555, 0.917555, 0.917555, 0.917555, 0.917555, 0.917555, 0.917555, 0.917555, 0.917555, 0.917555, 0.917555, 0.917555, 0.917555, 0.917555, 0.917555, 0.917555, 0.917555, 0.917555, 0.917555, 0.917555, 0.917555, 0.917555, 0, 0, 0, 0, 0, 0, 0, 0, 0, 0, 0, 0, 0, 0, 0, 0, 0, 0, 0, 0, 0, 0, 0, 0, 0, 0, 0, 0, 0, 0, 0, 0, 0, 0, 0, 0, 0, 0, 0, 0, 0, 0, 0, 0, 0, 0, 0, 0, 0, 0, 
0.87, 0.916637, 0.916637, 0.916637, 0.916637, 0.916637, 0.916637, 0.916637, 0.916637, 0.916637, 0.916637, 0.916637, 0.916637, 0.916637, 0.916637, 0.916637, 0.916637, 0.916637, 0.916637, 0.916637, 0.916637, 0.916637, 0.916637, 0.916637, 0.916637, 0.916637, 0.916637, 0.916637, 0.916637, 0.916637, 0.916637, 0.916637, 0.916637, 0.916637, 0.916637, 0.916637, 0.916637, 0.916637, 0.916637, 0.916637, 0.916637, 0.916637, 0.916637, 0.916637, 0.916637, 0.916637, 0.916637, 0.916637, 0.916637, 0.916637, 0.916637, 0, 0, 0, 0, 0, 0, 0, 0, 0, 0, 0, 0, 0, 0, 0, 0, 0, 0, 0, 0, 0, 0, 0, 0, 0, 0, 0, 0, 0, 0, 0, 0, 0, 0, 0, 0, 0, 0, 0, 0, 0, 0, 0, 0, 0, 0, 0, 0, 0, 0, 
0.88, 0.915721, 0.915721, 0.915721, 0.915721, 0.915721, 0.915721, 0.915721, 0.915721, 0.915721, 0.915721, 0.915721, 0.915721, 0.915721, 0.915721, 0.915721, 0.915721, 0.915721, 0.915721, 0.915721, 0.915721, 0.915721, 0.915721, 0.915721, 0.915721, 0.915721, 0.915721, 0.915721, 0.915721, 0.915721, 0.915721, 0.915721, 0.915721, 0.915721, 0.915721, 0.915721, 0.915721, 0.915721, 0.915721, 0.915721, 0.915721, 0.915721, 0.915721, 0.915721, 0.915721, 0.915721, 0.915721, 0.915721, 0.915721, 0.915721, 0.915721, 0, 0, 0, 0, 0, 0, 0, 0, 0, 0, 0, 0, 0, 0, 0, 0, 0, 0, 0, 0, 0, 0, 0, 0, 0, 0, 0, 0, 0, 0, 0, 0, 0, 0, 0, 0, 0, 0, 0, 0, 0, 0, 0, 0, 0, 0, 0, 0, 0, 0, 
0.89, 0.914805, 0.914805, 0.914805, 0.914805, 0.914805, 0.914805, 0.914805, 0.914805, 0.914805, 0.914805, 0.914805, 0.914805, 0.914805, 0.914805, 0.914805, 0.914805, 0.914805, 0.914805, 0.914805, 0.914805, 0.914805, 0.914805, 0.914805, 0.914805, 0.914805, 0.914805, 0.914805, 0.914805, 0.914805, 0.914805, 0.914805, 0.914805, 0.914805, 0.914805, 0.914805, 0.914805, 0.914805, 0.914805, 0.914805, 0.914805, 0.914805, 0.914805, 0.914805, 0.914805, 0.914805, 0.914805, 0.914805, 0.914805, 0.914805, 0.914805, 0, 0, 0, 0, 0, 0, 0, 0, 0, 0, 0, 0, 0, 0, 0, 0, 0, 0, 0, 0, 0, 0, 0, 0, 0, 0, 0, 0, 0, 0, 0, 0, 0, 0, 0, 0, 0, 0, 0, 0, 0, 0, 0, 0, 0, 0, 0, 0, 0, 0, 
0.9, 0.91389, 0.91389, 0.91389, 0.91389, 0.91389, 0.91389, 0.91389, 0.91389, 0.91389, 0.91389, 0.91389, 0.91389, 0.91389, 0.91389, 0.91389, 0.91389, 0.91389, 0.91389, 0.91389, 0.91389, 0.91389, 0.91389, 0.91389, 0.91389, 0.91389, 0.91389, 0.91389, 0.91389, 0.91389, 0.91389, 0.91389, 0.91389, 0.91389, 0.91389, 0.91389, 0.91389, 0.91389, 0.91389, 0.91389, 0.91389, 0.91389, 0.91389, 0.91389, 0.91389, 0.91389, 0.91389, 0.91389, 0.91389, 0.91389, 0.91389, 0, 0, 0, 0, 0, 0, 0, 0, 0, 0, 0, 0, 0, 0, 0, 0, 0, 0, 0, 0, 0, 0, 0, 0, 0, 0, 0, 0, 0, 0, 0, 0, 0, 0, 0, 0, 0, 0, 0, 0, 0, 0, 0, 0, 0, 0, 0, 0, 0, 0, 
0.91, 0.912976, 0.912976, 0.912976, 0.912976, 0.912976, 0.912976, 0.912976, 0.912976, 0.912976, 0.912976, 0.912976, 0.912976, 0.912976, 0.912976, 0.912976, 0.912976, 0.912976, 0.912976, 0.912976, 0.912976, 0.912976, 0.912976, 0.912976, 0.912976, 0.912976, 0.912976, 0.912976, 0.912976, 0.912976, 0.912976, 0.912976, 0.912976, 0.912976, 0.912976, 0.912976, 0.912976, 0.912976, 0.912976, 0.912976, 0.912976, 0.912976, 0.912976, 0.912976, 0.912976, 0.912976, 0.912976, 0.912976, 0.912976, 0.912976, 0.912976, 0, 0, 0, 0, 0, 0, 0, 0, 0, 0, 0, 0, 0, 0, 0, 0, 0, 0, 0, 0, 0, 0, 0, 0, 0, 0, 0, 0, 0, 0, 0, 0, 0, 0, 0, 0, 0, 0, 0, 0, 0, 0, 0, 0, 0, 0, 0, 0, 0, 0, 
0.92, 0.912063, 0.912063, 0.912063, 0.912063, 0.912063, 0.912063, 0.912063, 0.912063, 0.912063, 0.912063, 0.912063, 0.912063, 0.912063, 0.912063, 0.912063, 0.912063, 0.912063, 0.912063, 0.912063, 0.912063, 0.912063, 0.912063, 0.912063, 0.912063, 0.912063, 0.912063, 0.912063, 0.912063, 0.912063, 0.912063, 0.912063, 0.912063, 0.912063, 0.912063, 0.912063, 0.912063, 0.912063, 0.912063, 0.912063, 0.912063, 0.912063, 0.912063, 0.912063, 0.912063, 0.912063, 0.912063, 0.912063, 0.912063, 0.912063, 0.912063, 0, 0, 0, 0, 0, 0, 0, 0, 0, 0, 0, 0, 0, 0, 0, 0, 0, 0, 0, 0, 0, 0, 0, 0, 0, 0, 0, 0, 0, 0, 0, 0, 0, 0, 0, 0, 0, 0, 0, 0, 0, 0, 0, 0, 0, 0, 0, 0, 0, 0, 
0.93, 0.911151, 0.911151, 0.911151, 0.911151, 0.911151, 0.911151, 0.911151, 0.911151, 0.911151, 0.911151, 0.911151, 0.911151, 0.911151, 0.911151, 0.911151, 0.911151, 0.911151, 0.911151, 0.911151, 0.911151, 0.911151, 0.911151, 0.911151, 0.911151, 0.911151, 0.911151, 0.911151, 0.911151, 0.911151, 0.911151, 0.911151, 0.911151, 0.911151, 0.911151, 0.911151, 0.911151, 0.911151, 0.911151, 0.911151, 0.911151, 0.911151, 0.911151, 0.911151, 0.911151, 0.911151, 0.911151, 0.911151, 0.911151, 0.911151, 0.911151, 0, 0, 0, 0, 0, 0, 0, 0, 0, 0, 0, 0, 0, 0, 0, 0, 0, 0, 0, 0, 0, 0, 0, 0, 0, 0, 0, 0, 0, 0, 0, 0, 0, 0, 0, 0, 0, 0, 0, 0, 0, 0, 0, 0, 0, 0, 0, 0, 0, 0, 
0.94, 0.91024, 0.91024, 0.91024, 0.91024, 0.91024, 0.91024, 0.91024, 0.91024, 0.91024, 0.91024, 0.91024, 0.91024, 0.91024, 0.91024, 0.91024, 0.91024, 0.91024, 0.91024, 0.91024, 0.91024, 0.91024, 0.91024, 0.91024, 0.91024, 0.91024, 0.91024, 0.91024, 0.91024, 0.91024, 0.91024, 0.91024, 0.91024, 0.91024, 0.91024, 0.91024, 0.91024, 0.91024, 0.91024, 0.91024, 0.91024, 0.91024, 0.91024, 0.91024, 0.91024, 0.91024, 0.91024, 0.91024, 0.91024, 0.91024, 0.91024, 0, 0, 0, 0, 0, 0, 0, 0, 0, 0, 0, 0, 0, 0, 0, 0, 0, 0, 0, 0, 0, 0, 0, 0, 0, 0, 0, 0, 0, 0, 0, 0, 0, 0, 0, 0, 0, 0, 0, 0, 0, 0, 0, 0, 0, 0, 0, 0, 0, 0, 
0.95, 0.90933, 0.90933, 0.90933, 0.90933, 0.90933, 0.90933, 0.90933, 0.90933, 0.90933, 0.90933, 0.90933, 0.90933, 0.90933, 0.90933, 0.90933, 0.90933, 0.90933, 0.90933, 0.90933, 0.90933, 0.90933, 0.90933, 0.90933, 0.90933, 0.90933, 0.90933, 0.90933, 0.90933, 0.90933, 0.90933, 0.90933, 0.90933, 0.90933, 0.90933, 0.90933, 0.90933, 0.90933, 0.90933, 0.90933, 0.90933, 0.90933, 0.90933, 0.90933, 0.90933, 0.90933, 0.90933, 0.90933, 0.90933, 0.90933, 0.90933, 0, 0, 0, 0, 0, 0, 0, 0, 0, 0, 0, 0, 0, 0, 0, 0, 0, 0, 0, 0, 0, 0, 0, 0, 0, 0, 0, 0, 0, 0, 0, 0, 0, 0, 0, 0, 0, 0, 0, 0, 0, 0, 0, 0, 0, 0, 0, 0, 0, 0, 
0.96, 0.90842, 0.90842, 0.90842, 0.90842, 0.90842, 0.90842, 0.90842, 0.90842, 0.90842, 0.90842, 0.90842, 0.90842, 0.90842, 0.90842, 0.90842, 0.90842, 0.90842, 0.90842, 0.90842, 0.90842, 0.90842, 0.90842, 0.90842, 0.90842, 0.90842, 0.90842, 0.90842, 0.90842, 0.90842, 0.90842, 0.90842, 0.90842, 0.90842, 0.90842, 0.90842, 0.90842, 0.90842, 0.90842, 0.90842, 0.90842, 0.90842, 0.90842, 0.90842, 0.90842, 0.90842, 0.90842, 0.90842, 0.90842, 0.90842, 0.90842, 0, 0, 0, 0, 0, 0, 0, 0, 0, 0, 0, 0, 0, 0, 0, 0, 0, 0, 0, 0, 0, 0, 0, 0, 0, 0, 0, 0, 0, 0, 0, 0, 0, 0, 0, 0, 0, 0, 0, 0, 0, 0, 0, 0, 0, 0, 0, 0, 0, 0, 
0.97, 0.907512, 0.907512, 0.907512, 0.907512, 0.907512, 0.907512, 0.907512, 0.907512, 0.907512, 0.907512, 0.907512, 0.907512, 0.907512, 0.907512, 0.907512, 0.907512, 0.907512, 0.907512, 0.907512, 0.907512, 0.907512, 0.907512, 0.907512, 0.907512, 0.907512, 0.907512, 0.907512, 0.907512, 0.907512, 0.907512, 0.907512, 0.907512, 0.907512, 0.907512, 0.907512, 0.907512, 0.907512, 0.907512, 0.907512, 0.907512, 0.907512, 0.907512, 0.907512, 0.907512, 0.907512, 0.907512, 0.907512, 0.907512, 0.907512, 0.907512, 0, 0, 0, 0, 0, 0, 0, 0, 0, 0, 0, 0, 0, 0, 0, 0, 0, 0, 0, 0, 0, 0, 0, 0, 0, 0, 0, 0, 0, 0, 0, 0, 0, 0, 0, 0, 0, 0, 0, 0, 0, 0, 0, 0, 0, 0, 0, 0, 0, 0, 
0.98, 0.906604, 0.906604, 0.906604, 0.906604, 0.906604, 0.906604, 0.906604, 0.906604, 0.906604, 0.906604, 0.906604, 0.906604, 0.906604, 0.906604, 0.906604, 0.906604, 0.906604, 0.906604, 0.906604, 0.906604, 0.906604, 0.906604, 0.906604, 0.906604, 0.906604, 0.906604, 0.906604, 0.906604, 0.906604, 0.906604, 0.906604, 0.906604, 0.906604, 0.906604, 0.906604, 0.906604, 0.906604, 0.906604, 0.906604, 0.906604, 0.906604, 0.906604, 0.906604, 0.906604, 0.906604, 0.906604, 0.906604, 0.906604, 0.906604, 0.906604, 0, 0, 0, 0, 0, 0, 0, 0, 0, 0, 0, 0, 0, 0, 0, 0, 0, 0, 0, 0, 0, 0, 0, 0, 0, 0, 0, 0, 0, 0, 0, 0, 0, 0, 0, 0, 0, 0, 0, 0, 0, 0, 0, 0, 0, 0, 0, 0, 0, 0, 
0.99, 0.905698, 0.905698, 0.905698, 0.905698, 0.905698, 0.905698, 0.905698, 0.905698, 0.905698, 0.905698, 0.905698, 0.905698, 0.905698, 0.905698, 0.905698, 0.905698, 0.905698, 0.905698, 0.905698, 0.905698, 0.905698, 0.905698, 0.905698, 0.905698, 0.905698, 0.905698, 0.905698, 0.905698, 0.905698, 0.905698, 0.905698, 0.905698, 0.905698, 0.905698, 0.905698, 0.905698, 0.905698, 0.905698, 0.905698, 0.905698, 0.905698, 0.905698, 0.905698, 0.905698, 0.905698, 0.905698, 0.905698, 0.905698, 0.905698, 0.905698, 0, 0, 0, 0, 0, 0, 0, 0, 0, 0, 0, 0, 0, 0, 0, 0, 0, 0, 0, 0, 0, 0, 0, 0, 0, 0, 0, 0, 0, 0, 0, 0, 0, 0, 0, 0, 0, 0, 0, 0, 0, 0, 0, 0, 0, 0, 0, 0, 0, 0, 
